/*
Navicat MySQL Data Transfer

Source Server         : MySQL
Source Server Version : 50520
Source Host           : localhost:3306
Source Database       : onlineexamsys

Target Server Type    : MYSQL
Target Server Version : 50520
File Encoding         : 65001

Date: 2020-11-27 11:56:22
*/

SET FOREIGN_KEY_CHECKS=0;

-- ----------------------------
-- Table structure for tb_city
-- ----------------------------
DROP TABLE IF EXISTS `tb_city`;
CREATE TABLE `tb_city` (
  `id` bigint(11) NOT NULL AUTO_INCREMENT,
  `pid` bigint(11) DEFAULT NULL,
  `cname` varchar(255) DEFAULT NULL,
  PRIMARY KEY (`id`)
) ENGINE=InnoDB AUTO_INCREMENT=3409 DEFAULT CHARSET=utf8;

-- ----------------------------
-- Records of tb_city
-- ----------------------------
INSERT INTO `tb_city` VALUES ('1', '0', '中国');
INSERT INTO `tb_city` VALUES ('2', '1', '北京');
INSERT INTO `tb_city` VALUES ('3', '1', '安徽');
INSERT INTO `tb_city` VALUES ('4', '1', '福建');
INSERT INTO `tb_city` VALUES ('5', '1', '甘肃');
INSERT INTO `tb_city` VALUES ('6', '1', '广东');
INSERT INTO `tb_city` VALUES ('7', '1', '广西');
INSERT INTO `tb_city` VALUES ('8', '1', '贵州');
INSERT INTO `tb_city` VALUES ('9', '1', '海南');
INSERT INTO `tb_city` VALUES ('10', '1', '河北');
INSERT INTO `tb_city` VALUES ('11', '1', '河南');
INSERT INTO `tb_city` VALUES ('12', '1', '黑龙江');
INSERT INTO `tb_city` VALUES ('13', '1', '湖北');
INSERT INTO `tb_city` VALUES ('14', '1', '湖南');
INSERT INTO `tb_city` VALUES ('15', '1', '吉林');
INSERT INTO `tb_city` VALUES ('16', '1', '江苏');
INSERT INTO `tb_city` VALUES ('17', '1', '江西');
INSERT INTO `tb_city` VALUES ('18', '1', '辽宁');
INSERT INTO `tb_city` VALUES ('19', '1', '内蒙古');
INSERT INTO `tb_city` VALUES ('20', '1', '宁夏');
INSERT INTO `tb_city` VALUES ('21', '1', '青海');
INSERT INTO `tb_city` VALUES ('22', '1', '山东');
INSERT INTO `tb_city` VALUES ('23', '1', '山西');
INSERT INTO `tb_city` VALUES ('24', '1', '陕西');
INSERT INTO `tb_city` VALUES ('25', '1', '上海');
INSERT INTO `tb_city` VALUES ('26', '1', '四川');
INSERT INTO `tb_city` VALUES ('27', '1', '天津');
INSERT INTO `tb_city` VALUES ('28', '1', '西藏');
INSERT INTO `tb_city` VALUES ('29', '1', '新疆');
INSERT INTO `tb_city` VALUES ('30', '1', '云南');
INSERT INTO `tb_city` VALUES ('31', '1', '浙江');
INSERT INTO `tb_city` VALUES ('32', '1', '重庆');
INSERT INTO `tb_city` VALUES ('33', '1', '香港');
INSERT INTO `tb_city` VALUES ('34', '1', '澳门');
INSERT INTO `tb_city` VALUES ('35', '1', '台湾');
INSERT INTO `tb_city` VALUES ('36', '3', '安庆');
INSERT INTO `tb_city` VALUES ('37', '3', '蚌埠');
INSERT INTO `tb_city` VALUES ('38', '3', '巢湖');
INSERT INTO `tb_city` VALUES ('39', '3', '池州');
INSERT INTO `tb_city` VALUES ('40', '3', '滁州');
INSERT INTO `tb_city` VALUES ('41', '3', '阜阳');
INSERT INTO `tb_city` VALUES ('42', '3', '淮北');
INSERT INTO `tb_city` VALUES ('43', '3', '淮南');
INSERT INTO `tb_city` VALUES ('44', '3', '黄山');
INSERT INTO `tb_city` VALUES ('45', '3', '六安');
INSERT INTO `tb_city` VALUES ('46', '3', '马鞍山');
INSERT INTO `tb_city` VALUES ('47', '3', '宿州');
INSERT INTO `tb_city` VALUES ('48', '3', '铜陵');
INSERT INTO `tb_city` VALUES ('49', '3', '芜湖');
INSERT INTO `tb_city` VALUES ('50', '3', '宣城');
INSERT INTO `tb_city` VALUES ('51', '3', '亳州');
INSERT INTO `tb_city` VALUES ('52', '2', '市辖区');
INSERT INTO `tb_city` VALUES ('53', '4', '福州');
INSERT INTO `tb_city` VALUES ('54', '4', '龙岩');
INSERT INTO `tb_city` VALUES ('55', '4', '南平');
INSERT INTO `tb_city` VALUES ('56', '4', '宁德');
INSERT INTO `tb_city` VALUES ('57', '4', '莆田');
INSERT INTO `tb_city` VALUES ('58', '4', '泉州');
INSERT INTO `tb_city` VALUES ('59', '4', '三明');
INSERT INTO `tb_city` VALUES ('60', '4', '厦门');
INSERT INTO `tb_city` VALUES ('61', '4', '漳州');
INSERT INTO `tb_city` VALUES ('62', '5', '兰州');
INSERT INTO `tb_city` VALUES ('63', '5', '白银');
INSERT INTO `tb_city` VALUES ('64', '5', '定西');
INSERT INTO `tb_city` VALUES ('65', '5', '甘南');
INSERT INTO `tb_city` VALUES ('66', '5', '嘉峪关');
INSERT INTO `tb_city` VALUES ('67', '5', '金昌');
INSERT INTO `tb_city` VALUES ('68', '5', '酒泉');
INSERT INTO `tb_city` VALUES ('69', '5', '临夏');
INSERT INTO `tb_city` VALUES ('70', '5', '陇南');
INSERT INTO `tb_city` VALUES ('71', '5', '平凉');
INSERT INTO `tb_city` VALUES ('72', '5', '庆阳');
INSERT INTO `tb_city` VALUES ('73', '5', '天水');
INSERT INTO `tb_city` VALUES ('74', '5', '武威');
INSERT INTO `tb_city` VALUES ('75', '5', '张掖');
INSERT INTO `tb_city` VALUES ('76', '6', '广州');
INSERT INTO `tb_city` VALUES ('77', '6', '深圳');
INSERT INTO `tb_city` VALUES ('78', '6', '潮州');
INSERT INTO `tb_city` VALUES ('79', '6', '东莞');
INSERT INTO `tb_city` VALUES ('80', '6', '佛山');
INSERT INTO `tb_city` VALUES ('81', '6', '河源');
INSERT INTO `tb_city` VALUES ('82', '6', '惠州');
INSERT INTO `tb_city` VALUES ('83', '6', '江门');
INSERT INTO `tb_city` VALUES ('84', '6', '揭阳');
INSERT INTO `tb_city` VALUES ('85', '6', '茂名');
INSERT INTO `tb_city` VALUES ('86', '6', '梅州');
INSERT INTO `tb_city` VALUES ('87', '6', '清远');
INSERT INTO `tb_city` VALUES ('88', '6', '汕头');
INSERT INTO `tb_city` VALUES ('89', '6', '汕尾');
INSERT INTO `tb_city` VALUES ('90', '6', '韶关');
INSERT INTO `tb_city` VALUES ('91', '6', '阳江');
INSERT INTO `tb_city` VALUES ('92', '6', '云浮');
INSERT INTO `tb_city` VALUES ('93', '6', '湛江');
INSERT INTO `tb_city` VALUES ('94', '6', '肇庆');
INSERT INTO `tb_city` VALUES ('95', '6', '中山');
INSERT INTO `tb_city` VALUES ('96', '6', '珠海');
INSERT INTO `tb_city` VALUES ('97', '7', '南宁');
INSERT INTO `tb_city` VALUES ('98', '7', '桂林');
INSERT INTO `tb_city` VALUES ('99', '7', '百色');
INSERT INTO `tb_city` VALUES ('100', '7', '北海');
INSERT INTO `tb_city` VALUES ('101', '7', '崇左');
INSERT INTO `tb_city` VALUES ('102', '7', '防城港');
INSERT INTO `tb_city` VALUES ('103', '7', '贵港');
INSERT INTO `tb_city` VALUES ('104', '7', '河池');
INSERT INTO `tb_city` VALUES ('105', '7', '贺州');
INSERT INTO `tb_city` VALUES ('106', '7', '来宾');
INSERT INTO `tb_city` VALUES ('107', '7', '柳州');
INSERT INTO `tb_city` VALUES ('108', '7', '钦州');
INSERT INTO `tb_city` VALUES ('109', '7', '梧州');
INSERT INTO `tb_city` VALUES ('110', '7', '玉林');
INSERT INTO `tb_city` VALUES ('111', '8', '贵阳');
INSERT INTO `tb_city` VALUES ('112', '8', '安顺');
INSERT INTO `tb_city` VALUES ('113', '8', '毕节');
INSERT INTO `tb_city` VALUES ('114', '8', '六盘水');
INSERT INTO `tb_city` VALUES ('115', '8', '黔东南');
INSERT INTO `tb_city` VALUES ('116', '8', '黔南');
INSERT INTO `tb_city` VALUES ('117', '8', '黔西南');
INSERT INTO `tb_city` VALUES ('118', '8', '铜仁');
INSERT INTO `tb_city` VALUES ('119', '8', '遵义');
INSERT INTO `tb_city` VALUES ('120', '9', '海口');
INSERT INTO `tb_city` VALUES ('121', '9', '三亚');
INSERT INTO `tb_city` VALUES ('122', '9', '白沙');
INSERT INTO `tb_city` VALUES ('123', '9', '保亭');
INSERT INTO `tb_city` VALUES ('124', '9', '昌江');
INSERT INTO `tb_city` VALUES ('125', '9', '澄迈县');
INSERT INTO `tb_city` VALUES ('126', '9', '定安县');
INSERT INTO `tb_city` VALUES ('127', '9', '东方');
INSERT INTO `tb_city` VALUES ('128', '9', '乐东');
INSERT INTO `tb_city` VALUES ('129', '9', '临高县');
INSERT INTO `tb_city` VALUES ('130', '9', '陵水');
INSERT INTO `tb_city` VALUES ('131', '9', '琼海');
INSERT INTO `tb_city` VALUES ('132', '9', '琼中');
INSERT INTO `tb_city` VALUES ('133', '9', '屯昌县');
INSERT INTO `tb_city` VALUES ('134', '9', '万宁');
INSERT INTO `tb_city` VALUES ('135', '9', '文昌');
INSERT INTO `tb_city` VALUES ('136', '9', '五指山');
INSERT INTO `tb_city` VALUES ('137', '9', '儋州');
INSERT INTO `tb_city` VALUES ('138', '10', '石家庄');
INSERT INTO `tb_city` VALUES ('139', '10', '保定');
INSERT INTO `tb_city` VALUES ('140', '10', '沧州');
INSERT INTO `tb_city` VALUES ('141', '10', '承德');
INSERT INTO `tb_city` VALUES ('142', '10', '邯郸');
INSERT INTO `tb_city` VALUES ('143', '10', '衡水');
INSERT INTO `tb_city` VALUES ('144', '10', '廊坊');
INSERT INTO `tb_city` VALUES ('145', '10', '秦皇岛');
INSERT INTO `tb_city` VALUES ('146', '10', '唐山');
INSERT INTO `tb_city` VALUES ('147', '10', '邢台');
INSERT INTO `tb_city` VALUES ('148', '10', '张家口');
INSERT INTO `tb_city` VALUES ('149', '11', '郑州');
INSERT INTO `tb_city` VALUES ('150', '11', '洛阳');
INSERT INTO `tb_city` VALUES ('151', '11', '开封');
INSERT INTO `tb_city` VALUES ('152', '11', '安阳');
INSERT INTO `tb_city` VALUES ('153', '11', '鹤壁');
INSERT INTO `tb_city` VALUES ('154', '11', '济源');
INSERT INTO `tb_city` VALUES ('155', '11', '焦作');
INSERT INTO `tb_city` VALUES ('156', '11', '南阳');
INSERT INTO `tb_city` VALUES ('157', '11', '平顶山');
INSERT INTO `tb_city` VALUES ('158', '11', '三门峡');
INSERT INTO `tb_city` VALUES ('159', '11', '商丘');
INSERT INTO `tb_city` VALUES ('160', '11', '新乡');
INSERT INTO `tb_city` VALUES ('161', '11', '信阳');
INSERT INTO `tb_city` VALUES ('162', '11', '许昌');
INSERT INTO `tb_city` VALUES ('163', '11', '周口');
INSERT INTO `tb_city` VALUES ('164', '11', '驻马店');
INSERT INTO `tb_city` VALUES ('165', '11', '漯河');
INSERT INTO `tb_city` VALUES ('166', '11', '濮阳');
INSERT INTO `tb_city` VALUES ('167', '12', '哈尔滨');
INSERT INTO `tb_city` VALUES ('168', '12', '大庆');
INSERT INTO `tb_city` VALUES ('169', '12', '大兴安岭');
INSERT INTO `tb_city` VALUES ('170', '12', '鹤岗');
INSERT INTO `tb_city` VALUES ('171', '12', '黑河');
INSERT INTO `tb_city` VALUES ('172', '12', '鸡西');
INSERT INTO `tb_city` VALUES ('173', '12', '佳木斯');
INSERT INTO `tb_city` VALUES ('174', '12', '牡丹江');
INSERT INTO `tb_city` VALUES ('175', '12', '七台河');
INSERT INTO `tb_city` VALUES ('176', '12', '齐齐哈尔');
INSERT INTO `tb_city` VALUES ('177', '12', '双鸭山');
INSERT INTO `tb_city` VALUES ('178', '12', '绥化');
INSERT INTO `tb_city` VALUES ('179', '12', '伊春');
INSERT INTO `tb_city` VALUES ('180', '13', '武汉');
INSERT INTO `tb_city` VALUES ('181', '13', '仙桃');
INSERT INTO `tb_city` VALUES ('182', '13', '鄂州');
INSERT INTO `tb_city` VALUES ('183', '13', '黄冈');
INSERT INTO `tb_city` VALUES ('184', '13', '黄石');
INSERT INTO `tb_city` VALUES ('185', '13', '荆门');
INSERT INTO `tb_city` VALUES ('186', '13', '荆州');
INSERT INTO `tb_city` VALUES ('187', '13', '潜江');
INSERT INTO `tb_city` VALUES ('188', '13', '神农架林区');
INSERT INTO `tb_city` VALUES ('189', '13', '十堰');
INSERT INTO `tb_city` VALUES ('190', '13', '随州');
INSERT INTO `tb_city` VALUES ('191', '13', '天门');
INSERT INTO `tb_city` VALUES ('192', '13', '咸宁');
INSERT INTO `tb_city` VALUES ('193', '13', '襄樊');
INSERT INTO `tb_city` VALUES ('194', '13', '孝感');
INSERT INTO `tb_city` VALUES ('195', '13', '宜昌');
INSERT INTO `tb_city` VALUES ('196', '13', '恩施');
INSERT INTO `tb_city` VALUES ('197', '14', '长沙');
INSERT INTO `tb_city` VALUES ('198', '14', '张家界');
INSERT INTO `tb_city` VALUES ('199', '14', '常德');
INSERT INTO `tb_city` VALUES ('200', '14', '郴州');
INSERT INTO `tb_city` VALUES ('201', '14', '衡阳');
INSERT INTO `tb_city` VALUES ('202', '14', '怀化');
INSERT INTO `tb_city` VALUES ('203', '14', '娄底');
INSERT INTO `tb_city` VALUES ('204', '14', '邵阳');
INSERT INTO `tb_city` VALUES ('205', '14', '湘潭');
INSERT INTO `tb_city` VALUES ('206', '14', '湘西');
INSERT INTO `tb_city` VALUES ('207', '14', '益阳');
INSERT INTO `tb_city` VALUES ('208', '14', '永州');
INSERT INTO `tb_city` VALUES ('209', '14', '岳阳');
INSERT INTO `tb_city` VALUES ('210', '14', '株洲');
INSERT INTO `tb_city` VALUES ('211', '15', '长春');
INSERT INTO `tb_city` VALUES ('212', '15', '吉林');
INSERT INTO `tb_city` VALUES ('213', '15', '白城');
INSERT INTO `tb_city` VALUES ('214', '15', '白山');
INSERT INTO `tb_city` VALUES ('215', '15', '辽源');
INSERT INTO `tb_city` VALUES ('216', '15', '四平');
INSERT INTO `tb_city` VALUES ('217', '15', '松原');
INSERT INTO `tb_city` VALUES ('218', '15', '通化');
INSERT INTO `tb_city` VALUES ('219', '15', '延边');
INSERT INTO `tb_city` VALUES ('220', '16', '南京');
INSERT INTO `tb_city` VALUES ('221', '16', '苏州');
INSERT INTO `tb_city` VALUES ('222', '16', '无锡');
INSERT INTO `tb_city` VALUES ('223', '16', '常州');
INSERT INTO `tb_city` VALUES ('224', '16', '淮安');
INSERT INTO `tb_city` VALUES ('225', '16', '连云港');
INSERT INTO `tb_city` VALUES ('226', '16', '南通');
INSERT INTO `tb_city` VALUES ('227', '16', '宿迁');
INSERT INTO `tb_city` VALUES ('228', '16', '泰州');
INSERT INTO `tb_city` VALUES ('229', '16', '徐州');
INSERT INTO `tb_city` VALUES ('230', '16', '盐城');
INSERT INTO `tb_city` VALUES ('231', '16', '扬州');
INSERT INTO `tb_city` VALUES ('232', '16', '镇江');
INSERT INTO `tb_city` VALUES ('233', '17', '南昌');
INSERT INTO `tb_city` VALUES ('234', '17', '抚州');
INSERT INTO `tb_city` VALUES ('235', '17', '赣州');
INSERT INTO `tb_city` VALUES ('236', '17', '吉安');
INSERT INTO `tb_city` VALUES ('237', '17', '景德镇');
INSERT INTO `tb_city` VALUES ('238', '17', '九江');
INSERT INTO `tb_city` VALUES ('239', '17', '萍乡');
INSERT INTO `tb_city` VALUES ('240', '17', '上饶');
INSERT INTO `tb_city` VALUES ('241', '17', '新余');
INSERT INTO `tb_city` VALUES ('242', '17', '宜春');
INSERT INTO `tb_city` VALUES ('243', '17', '鹰潭');
INSERT INTO `tb_city` VALUES ('244', '18', '沈阳');
INSERT INTO `tb_city` VALUES ('245', '18', '大连');
INSERT INTO `tb_city` VALUES ('246', '18', '鞍山');
INSERT INTO `tb_city` VALUES ('247', '18', '本溪');
INSERT INTO `tb_city` VALUES ('248', '18', '朝阳');
INSERT INTO `tb_city` VALUES ('249', '18', '丹东');
INSERT INTO `tb_city` VALUES ('250', '18', '抚顺');
INSERT INTO `tb_city` VALUES ('251', '18', '阜新');
INSERT INTO `tb_city` VALUES ('252', '18', '葫芦岛');
INSERT INTO `tb_city` VALUES ('253', '18', '锦州');
INSERT INTO `tb_city` VALUES ('254', '18', '辽阳');
INSERT INTO `tb_city` VALUES ('255', '18', '盘锦');
INSERT INTO `tb_city` VALUES ('256', '18', '铁岭');
INSERT INTO `tb_city` VALUES ('257', '18', '营口');
INSERT INTO `tb_city` VALUES ('258', '19', '呼和浩特');
INSERT INTO `tb_city` VALUES ('259', '19', '阿拉善盟');
INSERT INTO `tb_city` VALUES ('260', '19', '巴彦淖尔盟');
INSERT INTO `tb_city` VALUES ('261', '19', '包头');
INSERT INTO `tb_city` VALUES ('262', '19', '赤峰');
INSERT INTO `tb_city` VALUES ('263', '19', '鄂尔多斯');
INSERT INTO `tb_city` VALUES ('264', '19', '呼伦贝尔');
INSERT INTO `tb_city` VALUES ('265', '19', '通辽');
INSERT INTO `tb_city` VALUES ('266', '19', '乌海');
INSERT INTO `tb_city` VALUES ('267', '19', '乌兰察布市');
INSERT INTO `tb_city` VALUES ('268', '19', '锡林郭勒盟');
INSERT INTO `tb_city` VALUES ('269', '19', '兴安盟');
INSERT INTO `tb_city` VALUES ('270', '20', '银川');
INSERT INTO `tb_city` VALUES ('271', '20', '固原');
INSERT INTO `tb_city` VALUES ('272', '20', '石嘴山');
INSERT INTO `tb_city` VALUES ('273', '20', '吴忠');
INSERT INTO `tb_city` VALUES ('274', '20', '中卫');
INSERT INTO `tb_city` VALUES ('275', '21', '西宁');
INSERT INTO `tb_city` VALUES ('276', '21', '果洛');
INSERT INTO `tb_city` VALUES ('277', '21', '海北');
INSERT INTO `tb_city` VALUES ('278', '21', '海东');
INSERT INTO `tb_city` VALUES ('279', '21', '海南');
INSERT INTO `tb_city` VALUES ('280', '21', '海西');
INSERT INTO `tb_city` VALUES ('281', '21', '黄南');
INSERT INTO `tb_city` VALUES ('282', '21', '玉树');
INSERT INTO `tb_city` VALUES ('283', '22', '济南');
INSERT INTO `tb_city` VALUES ('284', '22', '青岛');
INSERT INTO `tb_city` VALUES ('285', '22', '滨州');
INSERT INTO `tb_city` VALUES ('286', '22', '德州');
INSERT INTO `tb_city` VALUES ('287', '22', '东营');
INSERT INTO `tb_city` VALUES ('288', '22', '菏泽');
INSERT INTO `tb_city` VALUES ('289', '22', '济宁');
INSERT INTO `tb_city` VALUES ('290', '22', '莱芜');
INSERT INTO `tb_city` VALUES ('291', '22', '聊城');
INSERT INTO `tb_city` VALUES ('292', '22', '临沂');
INSERT INTO `tb_city` VALUES ('293', '22', '日照');
INSERT INTO `tb_city` VALUES ('294', '22', '泰安');
INSERT INTO `tb_city` VALUES ('295', '22', '威海');
INSERT INTO `tb_city` VALUES ('296', '22', '潍坊');
INSERT INTO `tb_city` VALUES ('297', '22', '烟台');
INSERT INTO `tb_city` VALUES ('298', '22', '枣庄');
INSERT INTO `tb_city` VALUES ('299', '22', '淄博');
INSERT INTO `tb_city` VALUES ('300', '23', '太原');
INSERT INTO `tb_city` VALUES ('301', '23', '长治');
INSERT INTO `tb_city` VALUES ('302', '23', '大同');
INSERT INTO `tb_city` VALUES ('303', '23', '晋城');
INSERT INTO `tb_city` VALUES ('304', '23', '晋中');
INSERT INTO `tb_city` VALUES ('305', '23', '临汾');
INSERT INTO `tb_city` VALUES ('306', '23', '吕梁');
INSERT INTO `tb_city` VALUES ('307', '23', '朔州');
INSERT INTO `tb_city` VALUES ('308', '23', '忻州');
INSERT INTO `tb_city` VALUES ('309', '23', '阳泉');
INSERT INTO `tb_city` VALUES ('310', '23', '运城');
INSERT INTO `tb_city` VALUES ('311', '24', '西安');
INSERT INTO `tb_city` VALUES ('312', '24', '安康');
INSERT INTO `tb_city` VALUES ('313', '24', '宝鸡');
INSERT INTO `tb_city` VALUES ('314', '24', '汉中');
INSERT INTO `tb_city` VALUES ('315', '24', '商洛');
INSERT INTO `tb_city` VALUES ('316', '24', '铜川');
INSERT INTO `tb_city` VALUES ('317', '24', '渭南');
INSERT INTO `tb_city` VALUES ('318', '24', '咸阳');
INSERT INTO `tb_city` VALUES ('319', '24', '延安');
INSERT INTO `tb_city` VALUES ('320', '24', '榆林');
INSERT INTO `tb_city` VALUES ('321', '25', '上海');
INSERT INTO `tb_city` VALUES ('322', '26', '成都');
INSERT INTO `tb_city` VALUES ('323', '26', '绵阳');
INSERT INTO `tb_city` VALUES ('324', '26', '阿坝');
INSERT INTO `tb_city` VALUES ('325', '26', '巴中');
INSERT INTO `tb_city` VALUES ('326', '26', '达州');
INSERT INTO `tb_city` VALUES ('327', '26', '德阳');
INSERT INTO `tb_city` VALUES ('328', '26', '甘孜');
INSERT INTO `tb_city` VALUES ('329', '26', '广安');
INSERT INTO `tb_city` VALUES ('330', '26', '广元');
INSERT INTO `tb_city` VALUES ('331', '26', '乐山');
INSERT INTO `tb_city` VALUES ('332', '26', '凉山');
INSERT INTO `tb_city` VALUES ('333', '26', '眉山');
INSERT INTO `tb_city` VALUES ('334', '26', '南充');
INSERT INTO `tb_city` VALUES ('335', '26', '内江');
INSERT INTO `tb_city` VALUES ('336', '26', '攀枝花');
INSERT INTO `tb_city` VALUES ('337', '26', '遂宁');
INSERT INTO `tb_city` VALUES ('338', '26', '雅安');
INSERT INTO `tb_city` VALUES ('339', '26', '宜宾');
INSERT INTO `tb_city` VALUES ('340', '26', '资阳');
INSERT INTO `tb_city` VALUES ('341', '26', '自贡');
INSERT INTO `tb_city` VALUES ('342', '26', '泸州');
INSERT INTO `tb_city` VALUES ('343', '27', '天津');
INSERT INTO `tb_city` VALUES ('344', '28', '拉萨');
INSERT INTO `tb_city` VALUES ('345', '28', '阿里');
INSERT INTO `tb_city` VALUES ('346', '28', '昌都');
INSERT INTO `tb_city` VALUES ('347', '28', '林芝');
INSERT INTO `tb_city` VALUES ('348', '28', '那曲');
INSERT INTO `tb_city` VALUES ('349', '28', '日喀则');
INSERT INTO `tb_city` VALUES ('350', '28', '山南');
INSERT INTO `tb_city` VALUES ('351', '29', '乌鲁木齐');
INSERT INTO `tb_city` VALUES ('352', '29', '阿克苏');
INSERT INTO `tb_city` VALUES ('353', '29', '阿拉尔');
INSERT INTO `tb_city` VALUES ('354', '29', '巴音郭楞');
INSERT INTO `tb_city` VALUES ('355', '29', '博尔塔拉');
INSERT INTO `tb_city` VALUES ('356', '29', '昌吉');
INSERT INTO `tb_city` VALUES ('357', '29', '哈密');
INSERT INTO `tb_city` VALUES ('358', '29', '和田');
INSERT INTO `tb_city` VALUES ('359', '29', '喀什');
INSERT INTO `tb_city` VALUES ('360', '29', '克拉玛依');
INSERT INTO `tb_city` VALUES ('361', '29', '克孜勒苏');
INSERT INTO `tb_city` VALUES ('362', '29', '石河子');
INSERT INTO `tb_city` VALUES ('363', '29', '图木舒克');
INSERT INTO `tb_city` VALUES ('364', '29', '吐鲁番');
INSERT INTO `tb_city` VALUES ('365', '29', '五家渠');
INSERT INTO `tb_city` VALUES ('366', '29', '伊犁');
INSERT INTO `tb_city` VALUES ('367', '30', '昆明');
INSERT INTO `tb_city` VALUES ('368', '30', '怒江');
INSERT INTO `tb_city` VALUES ('369', '30', '普洱');
INSERT INTO `tb_city` VALUES ('370', '30', '丽江');
INSERT INTO `tb_city` VALUES ('371', '30', '保山');
INSERT INTO `tb_city` VALUES ('372', '30', '楚雄');
INSERT INTO `tb_city` VALUES ('373', '30', '大理');
INSERT INTO `tb_city` VALUES ('374', '30', '德宏');
INSERT INTO `tb_city` VALUES ('375', '30', '迪庆');
INSERT INTO `tb_city` VALUES ('376', '30', '红河');
INSERT INTO `tb_city` VALUES ('377', '30', '临沧');
INSERT INTO `tb_city` VALUES ('378', '30', '曲靖');
INSERT INTO `tb_city` VALUES ('379', '30', '文山');
INSERT INTO `tb_city` VALUES ('380', '30', '西双版纳');
INSERT INTO `tb_city` VALUES ('381', '30', '玉溪');
INSERT INTO `tb_city` VALUES ('382', '30', '昭通');
INSERT INTO `tb_city` VALUES ('383', '31', '杭州');
INSERT INTO `tb_city` VALUES ('384', '31', '湖州');
INSERT INTO `tb_city` VALUES ('385', '31', '嘉兴');
INSERT INTO `tb_city` VALUES ('386', '31', '金华');
INSERT INTO `tb_city` VALUES ('387', '31', '丽水');
INSERT INTO `tb_city` VALUES ('388', '31', '宁波');
INSERT INTO `tb_city` VALUES ('389', '31', '绍兴');
INSERT INTO `tb_city` VALUES ('390', '31', '台州');
INSERT INTO `tb_city` VALUES ('391', '31', '温州');
INSERT INTO `tb_city` VALUES ('392', '31', '舟山');
INSERT INTO `tb_city` VALUES ('393', '31', '衢州');
INSERT INTO `tb_city` VALUES ('394', '32', '重庆');
INSERT INTO `tb_city` VALUES ('395', '33', '香港');
INSERT INTO `tb_city` VALUES ('396', '34', '澳门');
INSERT INTO `tb_city` VALUES ('397', '35', '台湾');
INSERT INTO `tb_city` VALUES ('398', '36', '迎江区');
INSERT INTO `tb_city` VALUES ('399', '36', '大观区');
INSERT INTO `tb_city` VALUES ('400', '36', '宜秀区');
INSERT INTO `tb_city` VALUES ('401', '36', '桐城市');
INSERT INTO `tb_city` VALUES ('402', '36', '怀宁县');
INSERT INTO `tb_city` VALUES ('403', '36', '枞阳县');
INSERT INTO `tb_city` VALUES ('404', '36', '潜山县');
INSERT INTO `tb_city` VALUES ('405', '36', '太湖县');
INSERT INTO `tb_city` VALUES ('406', '36', '宿松县');
INSERT INTO `tb_city` VALUES ('407', '36', '望江县');
INSERT INTO `tb_city` VALUES ('408', '36', '岳西县');
INSERT INTO `tb_city` VALUES ('409', '37', '中市区');
INSERT INTO `tb_city` VALUES ('410', '37', '东市区');
INSERT INTO `tb_city` VALUES ('411', '37', '西市区');
INSERT INTO `tb_city` VALUES ('412', '37', '郊区');
INSERT INTO `tb_city` VALUES ('413', '37', '怀远县');
INSERT INTO `tb_city` VALUES ('414', '37', '五河县');
INSERT INTO `tb_city` VALUES ('415', '37', '固镇县');
INSERT INTO `tb_city` VALUES ('416', '38', '居巢区');
INSERT INTO `tb_city` VALUES ('417', '38', '庐江县');
INSERT INTO `tb_city` VALUES ('418', '38', '无为县');
INSERT INTO `tb_city` VALUES ('419', '38', '含山县');
INSERT INTO `tb_city` VALUES ('420', '38', '和县');
INSERT INTO `tb_city` VALUES ('421', '39', '贵池区');
INSERT INTO `tb_city` VALUES ('422', '39', '东至县');
INSERT INTO `tb_city` VALUES ('423', '39', '石台县');
INSERT INTO `tb_city` VALUES ('424', '39', '青阳县');
INSERT INTO `tb_city` VALUES ('425', '40', '琅琊区');
INSERT INTO `tb_city` VALUES ('426', '40', '南谯区');
INSERT INTO `tb_city` VALUES ('427', '40', '天长市');
INSERT INTO `tb_city` VALUES ('428', '40', '明光市');
INSERT INTO `tb_city` VALUES ('429', '40', '来安县');
INSERT INTO `tb_city` VALUES ('430', '40', '全椒县');
INSERT INTO `tb_city` VALUES ('431', '40', '定远县');
INSERT INTO `tb_city` VALUES ('432', '40', '凤阳县');
INSERT INTO `tb_city` VALUES ('433', '41', '蚌山区');
INSERT INTO `tb_city` VALUES ('434', '41', '龙子湖区');
INSERT INTO `tb_city` VALUES ('435', '41', '禹会区');
INSERT INTO `tb_city` VALUES ('436', '41', '淮上区');
INSERT INTO `tb_city` VALUES ('437', '41', '颍州区');
INSERT INTO `tb_city` VALUES ('438', '41', '颍东区');
INSERT INTO `tb_city` VALUES ('439', '41', '颍泉区');
INSERT INTO `tb_city` VALUES ('440', '41', '界首市');
INSERT INTO `tb_city` VALUES ('441', '41', '临泉县');
INSERT INTO `tb_city` VALUES ('442', '41', '太和县');
INSERT INTO `tb_city` VALUES ('443', '41', '阜南县');
INSERT INTO `tb_city` VALUES ('444', '41', '颖上县');
INSERT INTO `tb_city` VALUES ('445', '42', '相山区');
INSERT INTO `tb_city` VALUES ('446', '42', '杜集区');
INSERT INTO `tb_city` VALUES ('447', '42', '烈山区');
INSERT INTO `tb_city` VALUES ('448', '42', '濉溪县');
INSERT INTO `tb_city` VALUES ('449', '43', '田家庵区');
INSERT INTO `tb_city` VALUES ('450', '43', '大通区');
INSERT INTO `tb_city` VALUES ('451', '43', '谢家集区');
INSERT INTO `tb_city` VALUES ('452', '43', '八公山区');
INSERT INTO `tb_city` VALUES ('453', '43', '潘集区');
INSERT INTO `tb_city` VALUES ('454', '43', '凤台县');
INSERT INTO `tb_city` VALUES ('455', '44', '屯溪区');
INSERT INTO `tb_city` VALUES ('456', '44', '黄山区');
INSERT INTO `tb_city` VALUES ('457', '44', '徽州区');
INSERT INTO `tb_city` VALUES ('458', '44', '歙县');
INSERT INTO `tb_city` VALUES ('459', '44', '休宁县');
INSERT INTO `tb_city` VALUES ('460', '44', '黟县');
INSERT INTO `tb_city` VALUES ('461', '44', '祁门县');
INSERT INTO `tb_city` VALUES ('462', '45', '金安区');
INSERT INTO `tb_city` VALUES ('463', '45', '裕安区');
INSERT INTO `tb_city` VALUES ('464', '45', '寿县');
INSERT INTO `tb_city` VALUES ('465', '45', '霍邱县');
INSERT INTO `tb_city` VALUES ('466', '45', '舒城县');
INSERT INTO `tb_city` VALUES ('467', '45', '金寨县');
INSERT INTO `tb_city` VALUES ('468', '45', '霍山县');
INSERT INTO `tb_city` VALUES ('469', '46', '雨山区');
INSERT INTO `tb_city` VALUES ('470', '46', '花山区');
INSERT INTO `tb_city` VALUES ('471', '46', '金家庄区');
INSERT INTO `tb_city` VALUES ('472', '46', '当涂县');
INSERT INTO `tb_city` VALUES ('473', '47', '埇桥区');
INSERT INTO `tb_city` VALUES ('474', '47', '砀山县');
INSERT INTO `tb_city` VALUES ('475', '47', '萧县');
INSERT INTO `tb_city` VALUES ('476', '47', '灵璧县');
INSERT INTO `tb_city` VALUES ('477', '47', '泗县');
INSERT INTO `tb_city` VALUES ('478', '48', '铜官山区');
INSERT INTO `tb_city` VALUES ('479', '48', '狮子山区');
INSERT INTO `tb_city` VALUES ('480', '48', '郊区');
INSERT INTO `tb_city` VALUES ('481', '48', '铜陵县');
INSERT INTO `tb_city` VALUES ('482', '49', '镜湖区');
INSERT INTO `tb_city` VALUES ('483', '49', '弋江区');
INSERT INTO `tb_city` VALUES ('484', '49', '鸠江区');
INSERT INTO `tb_city` VALUES ('485', '49', '三山区');
INSERT INTO `tb_city` VALUES ('486', '49', '芜湖县');
INSERT INTO `tb_city` VALUES ('487', '49', '繁昌县');
INSERT INTO `tb_city` VALUES ('488', '49', '南陵县');
INSERT INTO `tb_city` VALUES ('489', '50', '宣州区');
INSERT INTO `tb_city` VALUES ('490', '50', '宁国市');
INSERT INTO `tb_city` VALUES ('491', '50', '郎溪县');
INSERT INTO `tb_city` VALUES ('492', '50', '广德县');
INSERT INTO `tb_city` VALUES ('493', '50', '泾县');
INSERT INTO `tb_city` VALUES ('494', '50', '绩溪县');
INSERT INTO `tb_city` VALUES ('495', '50', '旌德县');
INSERT INTO `tb_city` VALUES ('496', '51', '涡阳县');
INSERT INTO `tb_city` VALUES ('497', '51', '蒙城县');
INSERT INTO `tb_city` VALUES ('498', '51', '利辛县');
INSERT INTO `tb_city` VALUES ('499', '51', '谯城区');
INSERT INTO `tb_city` VALUES ('500', '52', '东城区');
INSERT INTO `tb_city` VALUES ('501', '52', '西城区');
INSERT INTO `tb_city` VALUES ('502', '52', '海淀区');
INSERT INTO `tb_city` VALUES ('503', '52', '朝阳区');
INSERT INTO `tb_city` VALUES ('504', '52', '崇文区');
INSERT INTO `tb_city` VALUES ('505', '52', '宣武区');
INSERT INTO `tb_city` VALUES ('506', '52', '丰台区');
INSERT INTO `tb_city` VALUES ('507', '52', '石景山区');
INSERT INTO `tb_city` VALUES ('508', '52', '房山区');
INSERT INTO `tb_city` VALUES ('509', '52', '门头沟区');
INSERT INTO `tb_city` VALUES ('510', '52', '通州区');
INSERT INTO `tb_city` VALUES ('511', '52', '顺义区');
INSERT INTO `tb_city` VALUES ('512', '52', '昌平区');
INSERT INTO `tb_city` VALUES ('513', '52', '怀柔区');
INSERT INTO `tb_city` VALUES ('514', '52', '平谷区');
INSERT INTO `tb_city` VALUES ('515', '52', '大兴区');
INSERT INTO `tb_city` VALUES ('516', '52', '密云县');
INSERT INTO `tb_city` VALUES ('517', '52', '延庆县');
INSERT INTO `tb_city` VALUES ('518', '53', '鼓楼区');
INSERT INTO `tb_city` VALUES ('519', '53', '台江区');
INSERT INTO `tb_city` VALUES ('520', '53', '仓山区');
INSERT INTO `tb_city` VALUES ('521', '53', '马尾区');
INSERT INTO `tb_city` VALUES ('522', '53', '晋安区');
INSERT INTO `tb_city` VALUES ('523', '53', '福清市');
INSERT INTO `tb_city` VALUES ('524', '53', '长乐市');
INSERT INTO `tb_city` VALUES ('525', '53', '闽侯县');
INSERT INTO `tb_city` VALUES ('526', '53', '连江县');
INSERT INTO `tb_city` VALUES ('527', '53', '罗源县');
INSERT INTO `tb_city` VALUES ('528', '53', '闽清县');
INSERT INTO `tb_city` VALUES ('529', '53', '永泰县');
INSERT INTO `tb_city` VALUES ('530', '53', '平潭县');
INSERT INTO `tb_city` VALUES ('531', '54', '新罗区');
INSERT INTO `tb_city` VALUES ('532', '54', '漳平市');
INSERT INTO `tb_city` VALUES ('533', '54', '长汀县');
INSERT INTO `tb_city` VALUES ('534', '54', '永定县');
INSERT INTO `tb_city` VALUES ('535', '54', '上杭县');
INSERT INTO `tb_city` VALUES ('536', '54', '武平县');
INSERT INTO `tb_city` VALUES ('537', '54', '连城县');
INSERT INTO `tb_city` VALUES ('538', '55', '延平区');
INSERT INTO `tb_city` VALUES ('539', '55', '邵武市');
INSERT INTO `tb_city` VALUES ('540', '55', '武夷山市');
INSERT INTO `tb_city` VALUES ('541', '55', '建瓯市');
INSERT INTO `tb_city` VALUES ('542', '55', '建阳市');
INSERT INTO `tb_city` VALUES ('543', '55', '顺昌县');
INSERT INTO `tb_city` VALUES ('544', '55', '浦城县');
INSERT INTO `tb_city` VALUES ('545', '55', '光泽县');
INSERT INTO `tb_city` VALUES ('546', '55', '松溪县');
INSERT INTO `tb_city` VALUES ('547', '55', '政和县');
INSERT INTO `tb_city` VALUES ('548', '56', '蕉城区');
INSERT INTO `tb_city` VALUES ('549', '56', '福安市');
INSERT INTO `tb_city` VALUES ('550', '56', '福鼎市');
INSERT INTO `tb_city` VALUES ('551', '56', '霞浦县');
INSERT INTO `tb_city` VALUES ('552', '56', '古田县');
INSERT INTO `tb_city` VALUES ('553', '56', '屏南县');
INSERT INTO `tb_city` VALUES ('554', '56', '寿宁县');
INSERT INTO `tb_city` VALUES ('555', '56', '周宁县');
INSERT INTO `tb_city` VALUES ('556', '56', '柘荣县');
INSERT INTO `tb_city` VALUES ('557', '57', '城厢区');
INSERT INTO `tb_city` VALUES ('558', '57', '涵江区');
INSERT INTO `tb_city` VALUES ('559', '57', '荔城区');
INSERT INTO `tb_city` VALUES ('560', '57', '秀屿区');
INSERT INTO `tb_city` VALUES ('561', '57', '仙游县');
INSERT INTO `tb_city` VALUES ('562', '58', '鲤城区');
INSERT INTO `tb_city` VALUES ('563', '58', '丰泽区');
INSERT INTO `tb_city` VALUES ('564', '58', '洛江区');
INSERT INTO `tb_city` VALUES ('565', '58', '清濛开发区');
INSERT INTO `tb_city` VALUES ('566', '58', '泉港区');
INSERT INTO `tb_city` VALUES ('567', '58', '石狮市');
INSERT INTO `tb_city` VALUES ('568', '58', '晋江市');
INSERT INTO `tb_city` VALUES ('569', '58', '南安市');
INSERT INTO `tb_city` VALUES ('570', '58', '惠安县');
INSERT INTO `tb_city` VALUES ('571', '58', '安溪县');
INSERT INTO `tb_city` VALUES ('572', '58', '永春县');
INSERT INTO `tb_city` VALUES ('573', '58', '德化县');
INSERT INTO `tb_city` VALUES ('574', '58', '金门县');
INSERT INTO `tb_city` VALUES ('575', '59', '梅列区');
INSERT INTO `tb_city` VALUES ('576', '59', '三元区');
INSERT INTO `tb_city` VALUES ('577', '59', '永安市');
INSERT INTO `tb_city` VALUES ('578', '59', '明溪县');
INSERT INTO `tb_city` VALUES ('579', '59', '清流县');
INSERT INTO `tb_city` VALUES ('580', '59', '宁化县');
INSERT INTO `tb_city` VALUES ('581', '59', '大田县');
INSERT INTO `tb_city` VALUES ('582', '59', '尤溪县');
INSERT INTO `tb_city` VALUES ('583', '59', '沙县');
INSERT INTO `tb_city` VALUES ('584', '59', '将乐县');
INSERT INTO `tb_city` VALUES ('585', '59', '泰宁县');
INSERT INTO `tb_city` VALUES ('586', '59', '建宁县');
INSERT INTO `tb_city` VALUES ('587', '60', '思明区');
INSERT INTO `tb_city` VALUES ('588', '60', '海沧区');
INSERT INTO `tb_city` VALUES ('589', '60', '湖里区');
INSERT INTO `tb_city` VALUES ('590', '60', '集美区');
INSERT INTO `tb_city` VALUES ('591', '60', '同安区');
INSERT INTO `tb_city` VALUES ('592', '60', '翔安区');
INSERT INTO `tb_city` VALUES ('593', '61', '芗城区');
INSERT INTO `tb_city` VALUES ('594', '61', '龙文区');
INSERT INTO `tb_city` VALUES ('595', '61', '龙海市');
INSERT INTO `tb_city` VALUES ('596', '61', '云霄县');
INSERT INTO `tb_city` VALUES ('597', '61', '漳浦县');
INSERT INTO `tb_city` VALUES ('598', '61', '诏安县');
INSERT INTO `tb_city` VALUES ('599', '61', '长泰县');
INSERT INTO `tb_city` VALUES ('600', '61', '东山县');
INSERT INTO `tb_city` VALUES ('601', '61', '南靖县');
INSERT INTO `tb_city` VALUES ('602', '61', '平和县');
INSERT INTO `tb_city` VALUES ('603', '61', '华安县');
INSERT INTO `tb_city` VALUES ('604', '62', '皋兰县');
INSERT INTO `tb_city` VALUES ('605', '62', '城关区');
INSERT INTO `tb_city` VALUES ('606', '62', '七里河区');
INSERT INTO `tb_city` VALUES ('607', '62', '西固区');
INSERT INTO `tb_city` VALUES ('608', '62', '安宁区');
INSERT INTO `tb_city` VALUES ('609', '62', '红古区');
INSERT INTO `tb_city` VALUES ('610', '62', '永登县');
INSERT INTO `tb_city` VALUES ('611', '62', '榆中县');
INSERT INTO `tb_city` VALUES ('612', '63', '白银区');
INSERT INTO `tb_city` VALUES ('613', '63', '平川区');
INSERT INTO `tb_city` VALUES ('614', '63', '会宁县');
INSERT INTO `tb_city` VALUES ('615', '63', '景泰县');
INSERT INTO `tb_city` VALUES ('616', '63', '靖远县');
INSERT INTO `tb_city` VALUES ('617', '64', '临洮县');
INSERT INTO `tb_city` VALUES ('618', '64', '陇西县');
INSERT INTO `tb_city` VALUES ('619', '64', '通渭县');
INSERT INTO `tb_city` VALUES ('620', '64', '渭源县');
INSERT INTO `tb_city` VALUES ('621', '64', '漳县');
INSERT INTO `tb_city` VALUES ('622', '64', '岷县');
INSERT INTO `tb_city` VALUES ('623', '64', '安定区');
INSERT INTO `tb_city` VALUES ('624', '64', '安定区');
INSERT INTO `tb_city` VALUES ('625', '65', '合作市');
INSERT INTO `tb_city` VALUES ('626', '65', '临潭县');
INSERT INTO `tb_city` VALUES ('627', '65', '卓尼县');
INSERT INTO `tb_city` VALUES ('628', '65', '舟曲县');
INSERT INTO `tb_city` VALUES ('629', '65', '迭部县');
INSERT INTO `tb_city` VALUES ('630', '65', '玛曲县');
INSERT INTO `tb_city` VALUES ('631', '65', '碌曲县');
INSERT INTO `tb_city` VALUES ('632', '65', '夏河县');
INSERT INTO `tb_city` VALUES ('633', '66', '嘉峪关市');
INSERT INTO `tb_city` VALUES ('634', '67', '金川区');
INSERT INTO `tb_city` VALUES ('635', '67', '永昌县');
INSERT INTO `tb_city` VALUES ('636', '68', '肃州区');
INSERT INTO `tb_city` VALUES ('637', '68', '玉门市');
INSERT INTO `tb_city` VALUES ('638', '68', '敦煌市');
INSERT INTO `tb_city` VALUES ('639', '68', '金塔县');
INSERT INTO `tb_city` VALUES ('640', '68', '瓜州县');
INSERT INTO `tb_city` VALUES ('641', '68', '肃北');
INSERT INTO `tb_city` VALUES ('642', '68', '阿克塞');
INSERT INTO `tb_city` VALUES ('643', '69', '临夏市');
INSERT INTO `tb_city` VALUES ('644', '69', '临夏县');
INSERT INTO `tb_city` VALUES ('645', '69', '康乐县');
INSERT INTO `tb_city` VALUES ('646', '69', '永靖县');
INSERT INTO `tb_city` VALUES ('647', '69', '广河县');
INSERT INTO `tb_city` VALUES ('648', '69', '和政县');
INSERT INTO `tb_city` VALUES ('649', '69', '东乡族自治县');
INSERT INTO `tb_city` VALUES ('650', '69', '积石山');
INSERT INTO `tb_city` VALUES ('651', '70', '成县');
INSERT INTO `tb_city` VALUES ('652', '70', '徽县');
INSERT INTO `tb_city` VALUES ('653', '70', '康县');
INSERT INTO `tb_city` VALUES ('654', '70', '礼县');
INSERT INTO `tb_city` VALUES ('655', '70', '两当县');
INSERT INTO `tb_city` VALUES ('656', '70', '文县');
INSERT INTO `tb_city` VALUES ('657', '70', '西和县');
INSERT INTO `tb_city` VALUES ('658', '70', '宕昌县');
INSERT INTO `tb_city` VALUES ('659', '70', '武都区');
INSERT INTO `tb_city` VALUES ('660', '71', '崇信县');
INSERT INTO `tb_city` VALUES ('661', '71', '华亭县');
INSERT INTO `tb_city` VALUES ('662', '71', '静宁县');
INSERT INTO `tb_city` VALUES ('663', '71', '灵台县');
INSERT INTO `tb_city` VALUES ('664', '71', '崆峒区');
INSERT INTO `tb_city` VALUES ('665', '71', '庄浪县');
INSERT INTO `tb_city` VALUES ('666', '71', '泾川县');
INSERT INTO `tb_city` VALUES ('667', '72', '合水县');
INSERT INTO `tb_city` VALUES ('668', '72', '华池县');
INSERT INTO `tb_city` VALUES ('669', '72', '环县');
INSERT INTO `tb_city` VALUES ('670', '72', '宁县');
INSERT INTO `tb_city` VALUES ('671', '72', '庆城县');
INSERT INTO `tb_city` VALUES ('672', '72', '西峰区');
INSERT INTO `tb_city` VALUES ('673', '72', '镇原县');
INSERT INTO `tb_city` VALUES ('674', '72', '正宁县');
INSERT INTO `tb_city` VALUES ('675', '73', '甘谷县');
INSERT INTO `tb_city` VALUES ('676', '73', '秦安县');
INSERT INTO `tb_city` VALUES ('677', '73', '清水县');
INSERT INTO `tb_city` VALUES ('678', '73', '秦州区');
INSERT INTO `tb_city` VALUES ('679', '73', '麦积区');
INSERT INTO `tb_city` VALUES ('680', '73', '武山县');
INSERT INTO `tb_city` VALUES ('681', '73', '张家川');
INSERT INTO `tb_city` VALUES ('682', '74', '古浪县');
INSERT INTO `tb_city` VALUES ('683', '74', '民勤县');
INSERT INTO `tb_city` VALUES ('684', '74', '天祝');
INSERT INTO `tb_city` VALUES ('685', '74', '凉州区');
INSERT INTO `tb_city` VALUES ('686', '75', '高台县');
INSERT INTO `tb_city` VALUES ('687', '75', '临泽县');
INSERT INTO `tb_city` VALUES ('688', '75', '民乐县');
INSERT INTO `tb_city` VALUES ('689', '75', '山丹县');
INSERT INTO `tb_city` VALUES ('690', '75', '肃南');
INSERT INTO `tb_city` VALUES ('691', '75', '甘州区');
INSERT INTO `tb_city` VALUES ('692', '76', '从化市');
INSERT INTO `tb_city` VALUES ('693', '76', '天河区');
INSERT INTO `tb_city` VALUES ('694', '76', '东山区');
INSERT INTO `tb_city` VALUES ('695', '76', '白云区');
INSERT INTO `tb_city` VALUES ('696', '76', '海珠区');
INSERT INTO `tb_city` VALUES ('697', '76', '荔湾区');
INSERT INTO `tb_city` VALUES ('698', '76', '越秀区');
INSERT INTO `tb_city` VALUES ('699', '76', '黄埔区');
INSERT INTO `tb_city` VALUES ('700', '76', '番禺区');
INSERT INTO `tb_city` VALUES ('701', '76', '花都区');
INSERT INTO `tb_city` VALUES ('702', '76', '增城区');
INSERT INTO `tb_city` VALUES ('703', '76', '从化区');
INSERT INTO `tb_city` VALUES ('704', '76', '市郊');
INSERT INTO `tb_city` VALUES ('705', '77', '福田区');
INSERT INTO `tb_city` VALUES ('706', '77', '罗湖区');
INSERT INTO `tb_city` VALUES ('707', '77', '南山区');
INSERT INTO `tb_city` VALUES ('708', '77', '宝安区');
INSERT INTO `tb_city` VALUES ('709', '77', '龙岗区');
INSERT INTO `tb_city` VALUES ('710', '77', '盐田区');
INSERT INTO `tb_city` VALUES ('711', '78', '湘桥区');
INSERT INTO `tb_city` VALUES ('712', '78', '潮安县');
INSERT INTO `tb_city` VALUES ('713', '78', '饶平县');
INSERT INTO `tb_city` VALUES ('714', '79', '南城区');
INSERT INTO `tb_city` VALUES ('715', '79', '东城区');
INSERT INTO `tb_city` VALUES ('716', '79', '万江区');
INSERT INTO `tb_city` VALUES ('717', '79', '莞城区');
INSERT INTO `tb_city` VALUES ('718', '79', '石龙镇');
INSERT INTO `tb_city` VALUES ('719', '79', '虎门镇');
INSERT INTO `tb_city` VALUES ('720', '79', '麻涌镇');
INSERT INTO `tb_city` VALUES ('721', '79', '道滘镇');
INSERT INTO `tb_city` VALUES ('722', '79', '石碣镇');
INSERT INTO `tb_city` VALUES ('723', '79', '沙田镇');
INSERT INTO `tb_city` VALUES ('724', '79', '望牛墩镇');
INSERT INTO `tb_city` VALUES ('725', '79', '洪梅镇');
INSERT INTO `tb_city` VALUES ('726', '79', '茶山镇');
INSERT INTO `tb_city` VALUES ('727', '79', '寮步镇');
INSERT INTO `tb_city` VALUES ('728', '79', '大岭山镇');
INSERT INTO `tb_city` VALUES ('729', '79', '大朗镇');
INSERT INTO `tb_city` VALUES ('730', '79', '黄江镇');
INSERT INTO `tb_city` VALUES ('731', '79', '樟木头');
INSERT INTO `tb_city` VALUES ('732', '79', '凤岗镇');
INSERT INTO `tb_city` VALUES ('733', '79', '塘厦镇');
INSERT INTO `tb_city` VALUES ('734', '79', '谢岗镇');
INSERT INTO `tb_city` VALUES ('735', '79', '厚街镇');
INSERT INTO `tb_city` VALUES ('736', '79', '清溪镇');
INSERT INTO `tb_city` VALUES ('737', '79', '常平镇');
INSERT INTO `tb_city` VALUES ('738', '79', '桥头镇');
INSERT INTO `tb_city` VALUES ('739', '79', '横沥镇');
INSERT INTO `tb_city` VALUES ('740', '79', '东坑镇');
INSERT INTO `tb_city` VALUES ('741', '79', '企石镇');
INSERT INTO `tb_city` VALUES ('742', '79', '石排镇');
INSERT INTO `tb_city` VALUES ('743', '79', '长安镇');
INSERT INTO `tb_city` VALUES ('744', '79', '中堂镇');
INSERT INTO `tb_city` VALUES ('745', '79', '高埗镇');
INSERT INTO `tb_city` VALUES ('746', '80', '禅城区');
INSERT INTO `tb_city` VALUES ('747', '80', '南海区');
INSERT INTO `tb_city` VALUES ('748', '80', '顺德区');
INSERT INTO `tb_city` VALUES ('749', '80', '三水区');
INSERT INTO `tb_city` VALUES ('750', '80', '高明区');
INSERT INTO `tb_city` VALUES ('751', '81', '东源县');
INSERT INTO `tb_city` VALUES ('752', '81', '和平县');
INSERT INTO `tb_city` VALUES ('753', '81', '源城区');
INSERT INTO `tb_city` VALUES ('754', '81', '连平县');
INSERT INTO `tb_city` VALUES ('755', '81', '龙川县');
INSERT INTO `tb_city` VALUES ('756', '81', '紫金县');
INSERT INTO `tb_city` VALUES ('757', '82', '惠阳区');
INSERT INTO `tb_city` VALUES ('758', '82', '惠城区');
INSERT INTO `tb_city` VALUES ('759', '82', '大亚湾');
INSERT INTO `tb_city` VALUES ('760', '82', '博罗县');
INSERT INTO `tb_city` VALUES ('761', '82', '惠东县');
INSERT INTO `tb_city` VALUES ('762', '82', '龙门县');
INSERT INTO `tb_city` VALUES ('763', '83', '江海区');
INSERT INTO `tb_city` VALUES ('764', '83', '蓬江区');
INSERT INTO `tb_city` VALUES ('765', '83', '新会区');
INSERT INTO `tb_city` VALUES ('766', '83', '台山市');
INSERT INTO `tb_city` VALUES ('767', '83', '开平市');
INSERT INTO `tb_city` VALUES ('768', '83', '鹤山市');
INSERT INTO `tb_city` VALUES ('769', '83', '恩平市');
INSERT INTO `tb_city` VALUES ('770', '84', '榕城区');
INSERT INTO `tb_city` VALUES ('771', '84', '普宁市');
INSERT INTO `tb_city` VALUES ('772', '84', '揭东县');
INSERT INTO `tb_city` VALUES ('773', '84', '揭西县');
INSERT INTO `tb_city` VALUES ('774', '84', '惠来县');
INSERT INTO `tb_city` VALUES ('775', '85', '茂南区');
INSERT INTO `tb_city` VALUES ('776', '85', '茂港区');
INSERT INTO `tb_city` VALUES ('777', '85', '高州市');
INSERT INTO `tb_city` VALUES ('778', '85', '化州市');
INSERT INTO `tb_city` VALUES ('779', '85', '信宜市');
INSERT INTO `tb_city` VALUES ('780', '85', '电白县');
INSERT INTO `tb_city` VALUES ('781', '86', '梅县');
INSERT INTO `tb_city` VALUES ('782', '86', '梅江区');
INSERT INTO `tb_city` VALUES ('783', '86', '兴宁市');
INSERT INTO `tb_city` VALUES ('784', '86', '大埔县');
INSERT INTO `tb_city` VALUES ('785', '86', '丰顺县');
INSERT INTO `tb_city` VALUES ('786', '86', '五华县');
INSERT INTO `tb_city` VALUES ('787', '86', '平远县');
INSERT INTO `tb_city` VALUES ('788', '86', '蕉岭县');
INSERT INTO `tb_city` VALUES ('789', '87', '清城区');
INSERT INTO `tb_city` VALUES ('790', '87', '英德市');
INSERT INTO `tb_city` VALUES ('791', '87', '连州市');
INSERT INTO `tb_city` VALUES ('792', '87', '佛冈县');
INSERT INTO `tb_city` VALUES ('793', '87', '阳山县');
INSERT INTO `tb_city` VALUES ('794', '87', '清新县');
INSERT INTO `tb_city` VALUES ('795', '87', '连山');
INSERT INTO `tb_city` VALUES ('796', '87', '连南');
INSERT INTO `tb_city` VALUES ('797', '88', '南澳县');
INSERT INTO `tb_city` VALUES ('798', '88', '潮阳区');
INSERT INTO `tb_city` VALUES ('799', '88', '澄海区');
INSERT INTO `tb_city` VALUES ('800', '88', '龙湖区');
INSERT INTO `tb_city` VALUES ('801', '88', '金平区');
INSERT INTO `tb_city` VALUES ('802', '88', '濠江区');
INSERT INTO `tb_city` VALUES ('803', '88', '潮南区');
INSERT INTO `tb_city` VALUES ('804', '89', '城区');
INSERT INTO `tb_city` VALUES ('805', '89', '陆丰市');
INSERT INTO `tb_city` VALUES ('806', '89', '海丰县');
INSERT INTO `tb_city` VALUES ('807', '89', '陆河县');
INSERT INTO `tb_city` VALUES ('808', '90', '曲江县');
INSERT INTO `tb_city` VALUES ('809', '90', '浈江区');
INSERT INTO `tb_city` VALUES ('810', '90', '武江区');
INSERT INTO `tb_city` VALUES ('811', '90', '曲江区');
INSERT INTO `tb_city` VALUES ('812', '90', '乐昌市');
INSERT INTO `tb_city` VALUES ('813', '90', '南雄市');
INSERT INTO `tb_city` VALUES ('814', '90', '始兴县');
INSERT INTO `tb_city` VALUES ('815', '90', '仁化县');
INSERT INTO `tb_city` VALUES ('816', '90', '翁源县');
INSERT INTO `tb_city` VALUES ('817', '90', '新丰县');
INSERT INTO `tb_city` VALUES ('818', '90', '乳源');
INSERT INTO `tb_city` VALUES ('819', '91', '江城区');
INSERT INTO `tb_city` VALUES ('820', '91', '阳春市');
INSERT INTO `tb_city` VALUES ('821', '91', '阳西县');
INSERT INTO `tb_city` VALUES ('822', '91', '阳东县');
INSERT INTO `tb_city` VALUES ('823', '92', '云城区');
INSERT INTO `tb_city` VALUES ('824', '92', '罗定市');
INSERT INTO `tb_city` VALUES ('825', '92', '新兴县');
INSERT INTO `tb_city` VALUES ('826', '92', '郁南县');
INSERT INTO `tb_city` VALUES ('827', '92', '云安县');
INSERT INTO `tb_city` VALUES ('828', '93', '赤坎区');
INSERT INTO `tb_city` VALUES ('829', '93', '霞山区');
INSERT INTO `tb_city` VALUES ('830', '93', '坡头区');
INSERT INTO `tb_city` VALUES ('831', '93', '麻章区');
INSERT INTO `tb_city` VALUES ('832', '93', '廉江市');
INSERT INTO `tb_city` VALUES ('833', '93', '雷州市');
INSERT INTO `tb_city` VALUES ('834', '93', '吴川市');
INSERT INTO `tb_city` VALUES ('835', '93', '遂溪县');
INSERT INTO `tb_city` VALUES ('836', '93', '徐闻县');
INSERT INTO `tb_city` VALUES ('837', '94', '肇庆市');
INSERT INTO `tb_city` VALUES ('838', '94', '高要市');
INSERT INTO `tb_city` VALUES ('839', '94', '四会市');
INSERT INTO `tb_city` VALUES ('840', '94', '广宁县');
INSERT INTO `tb_city` VALUES ('841', '94', '怀集县');
INSERT INTO `tb_city` VALUES ('842', '94', '封开县');
INSERT INTO `tb_city` VALUES ('843', '94', '德庆县');
INSERT INTO `tb_city` VALUES ('844', '95', '石岐街道');
INSERT INTO `tb_city` VALUES ('845', '95', '东区街道');
INSERT INTO `tb_city` VALUES ('846', '95', '西区街道');
INSERT INTO `tb_city` VALUES ('847', '95', '环城街道');
INSERT INTO `tb_city` VALUES ('848', '95', '中山港街道');
INSERT INTO `tb_city` VALUES ('849', '95', '五桂山街道');
INSERT INTO `tb_city` VALUES ('850', '96', '香洲区');
INSERT INTO `tb_city` VALUES ('851', '96', '斗门区');
INSERT INTO `tb_city` VALUES ('852', '96', '金湾区');
INSERT INTO `tb_city` VALUES ('853', '97', '邕宁区');
INSERT INTO `tb_city` VALUES ('854', '97', '青秀区');
INSERT INTO `tb_city` VALUES ('855', '97', '兴宁区');
INSERT INTO `tb_city` VALUES ('856', '97', '良庆区');
INSERT INTO `tb_city` VALUES ('857', '97', '西乡塘区');
INSERT INTO `tb_city` VALUES ('858', '97', '江南区');
INSERT INTO `tb_city` VALUES ('859', '97', '武鸣县');
INSERT INTO `tb_city` VALUES ('860', '97', '隆安县');
INSERT INTO `tb_city` VALUES ('861', '97', '马山县');
INSERT INTO `tb_city` VALUES ('862', '97', '上林县');
INSERT INTO `tb_city` VALUES ('863', '97', '宾阳县');
INSERT INTO `tb_city` VALUES ('864', '97', '横县');
INSERT INTO `tb_city` VALUES ('865', '98', '秀峰区');
INSERT INTO `tb_city` VALUES ('866', '98', '叠彩区');
INSERT INTO `tb_city` VALUES ('867', '98', '象山区');
INSERT INTO `tb_city` VALUES ('868', '98', '七星区');
INSERT INTO `tb_city` VALUES ('869', '98', '雁山区');
INSERT INTO `tb_city` VALUES ('870', '98', '阳朔县');
INSERT INTO `tb_city` VALUES ('871', '98', '临桂县');
INSERT INTO `tb_city` VALUES ('872', '98', '灵川县');
INSERT INTO `tb_city` VALUES ('873', '98', '全州县');
INSERT INTO `tb_city` VALUES ('874', '98', '平乐县');
INSERT INTO `tb_city` VALUES ('875', '98', '兴安县');
INSERT INTO `tb_city` VALUES ('876', '98', '灌阳县');
INSERT INTO `tb_city` VALUES ('877', '98', '荔浦县');
INSERT INTO `tb_city` VALUES ('878', '98', '资源县');
INSERT INTO `tb_city` VALUES ('879', '98', '永福县');
INSERT INTO `tb_city` VALUES ('880', '98', '龙胜');
INSERT INTO `tb_city` VALUES ('881', '98', '恭城');
INSERT INTO `tb_city` VALUES ('882', '99', '右江区');
INSERT INTO `tb_city` VALUES ('883', '99', '凌云县');
INSERT INTO `tb_city` VALUES ('884', '99', '平果县');
INSERT INTO `tb_city` VALUES ('885', '99', '西林县');
INSERT INTO `tb_city` VALUES ('886', '99', '乐业县');
INSERT INTO `tb_city` VALUES ('887', '99', '德保县');
INSERT INTO `tb_city` VALUES ('888', '99', '田林县');
INSERT INTO `tb_city` VALUES ('889', '99', '田阳县');
INSERT INTO `tb_city` VALUES ('890', '99', '靖西县');
INSERT INTO `tb_city` VALUES ('891', '99', '田东县');
INSERT INTO `tb_city` VALUES ('892', '99', '那坡县');
INSERT INTO `tb_city` VALUES ('893', '99', '隆林');
INSERT INTO `tb_city` VALUES ('894', '100', '海城区');
INSERT INTO `tb_city` VALUES ('895', '100', '银海区');
INSERT INTO `tb_city` VALUES ('896', '100', '铁山港区');
INSERT INTO `tb_city` VALUES ('897', '100', '合浦县');
INSERT INTO `tb_city` VALUES ('898', '101', '江州区');
INSERT INTO `tb_city` VALUES ('899', '101', '凭祥市');
INSERT INTO `tb_city` VALUES ('900', '101', '宁明县');
INSERT INTO `tb_city` VALUES ('901', '101', '扶绥县');
INSERT INTO `tb_city` VALUES ('902', '101', '龙州县');
INSERT INTO `tb_city` VALUES ('903', '101', '大新县');
INSERT INTO `tb_city` VALUES ('904', '101', '天等县');
INSERT INTO `tb_city` VALUES ('905', '102', '港口区');
INSERT INTO `tb_city` VALUES ('906', '102', '防城区');
INSERT INTO `tb_city` VALUES ('907', '102', '东兴市');
INSERT INTO `tb_city` VALUES ('908', '102', '上思县');
INSERT INTO `tb_city` VALUES ('909', '103', '港北区');
INSERT INTO `tb_city` VALUES ('910', '103', '港南区');
INSERT INTO `tb_city` VALUES ('911', '103', '覃塘区');
INSERT INTO `tb_city` VALUES ('912', '103', '桂平市');
INSERT INTO `tb_city` VALUES ('913', '103', '平南县');
INSERT INTO `tb_city` VALUES ('914', '104', '金城江区');
INSERT INTO `tb_city` VALUES ('915', '104', '宜州市');
INSERT INTO `tb_city` VALUES ('916', '104', '天峨县');
INSERT INTO `tb_city` VALUES ('917', '104', '凤山县');
INSERT INTO `tb_city` VALUES ('918', '104', '南丹县');
INSERT INTO `tb_city` VALUES ('919', '104', '东兰县');
INSERT INTO `tb_city` VALUES ('920', '104', '都安');
INSERT INTO `tb_city` VALUES ('921', '104', '罗城');
INSERT INTO `tb_city` VALUES ('922', '104', '巴马');
INSERT INTO `tb_city` VALUES ('923', '104', '环江');
INSERT INTO `tb_city` VALUES ('924', '104', '大化');
INSERT INTO `tb_city` VALUES ('925', '105', '八步区');
INSERT INTO `tb_city` VALUES ('926', '105', '钟山县');
INSERT INTO `tb_city` VALUES ('927', '105', '昭平县');
INSERT INTO `tb_city` VALUES ('928', '105', '富川');
INSERT INTO `tb_city` VALUES ('929', '106', '兴宾区');
INSERT INTO `tb_city` VALUES ('930', '106', '合山市');
INSERT INTO `tb_city` VALUES ('931', '106', '象州县');
INSERT INTO `tb_city` VALUES ('932', '106', '武宣县');
INSERT INTO `tb_city` VALUES ('933', '106', '忻城县');
INSERT INTO `tb_city` VALUES ('934', '106', '金秀');
INSERT INTO `tb_city` VALUES ('935', '107', '城中区');
INSERT INTO `tb_city` VALUES ('936', '107', '鱼峰区');
INSERT INTO `tb_city` VALUES ('937', '107', '柳北区');
INSERT INTO `tb_city` VALUES ('938', '107', '柳南区');
INSERT INTO `tb_city` VALUES ('939', '107', '柳江县');
INSERT INTO `tb_city` VALUES ('940', '107', '柳城县');
INSERT INTO `tb_city` VALUES ('941', '107', '鹿寨县');
INSERT INTO `tb_city` VALUES ('942', '107', '融安县');
INSERT INTO `tb_city` VALUES ('943', '107', '融水');
INSERT INTO `tb_city` VALUES ('944', '107', '三江');
INSERT INTO `tb_city` VALUES ('945', '108', '钦南区');
INSERT INTO `tb_city` VALUES ('946', '108', '钦北区');
INSERT INTO `tb_city` VALUES ('947', '108', '灵山县');
INSERT INTO `tb_city` VALUES ('948', '108', '浦北县');
INSERT INTO `tb_city` VALUES ('949', '109', '万秀区');
INSERT INTO `tb_city` VALUES ('950', '109', '蝶山区');
INSERT INTO `tb_city` VALUES ('951', '109', '长洲区');
INSERT INTO `tb_city` VALUES ('952', '109', '岑溪市');
INSERT INTO `tb_city` VALUES ('953', '109', '苍梧县');
INSERT INTO `tb_city` VALUES ('954', '109', '藤县');
INSERT INTO `tb_city` VALUES ('955', '109', '蒙山县');
INSERT INTO `tb_city` VALUES ('956', '110', '玉州区');
INSERT INTO `tb_city` VALUES ('957', '110', '北流市');
INSERT INTO `tb_city` VALUES ('958', '110', '容县');
INSERT INTO `tb_city` VALUES ('959', '110', '陆川县');
INSERT INTO `tb_city` VALUES ('960', '110', '博白县');
INSERT INTO `tb_city` VALUES ('961', '110', '兴业县');
INSERT INTO `tb_city` VALUES ('962', '111', '南明区');
INSERT INTO `tb_city` VALUES ('963', '111', '云岩区');
INSERT INTO `tb_city` VALUES ('964', '111', '花溪区');
INSERT INTO `tb_city` VALUES ('965', '111', '乌当区');
INSERT INTO `tb_city` VALUES ('966', '111', '白云区');
INSERT INTO `tb_city` VALUES ('967', '111', '小河区');
INSERT INTO `tb_city` VALUES ('968', '111', '金阳新区');
INSERT INTO `tb_city` VALUES ('969', '111', '新天园区');
INSERT INTO `tb_city` VALUES ('970', '111', '清镇市');
INSERT INTO `tb_city` VALUES ('971', '111', '开阳县');
INSERT INTO `tb_city` VALUES ('972', '111', '修文县');
INSERT INTO `tb_city` VALUES ('973', '111', '息烽县');
INSERT INTO `tb_city` VALUES ('974', '112', '西秀区');
INSERT INTO `tb_city` VALUES ('975', '112', '关岭');
INSERT INTO `tb_city` VALUES ('976', '112', '镇宁');
INSERT INTO `tb_city` VALUES ('977', '112', '紫云');
INSERT INTO `tb_city` VALUES ('978', '112', '平坝县');
INSERT INTO `tb_city` VALUES ('979', '112', '普定县');
INSERT INTO `tb_city` VALUES ('980', '113', '毕节市');
INSERT INTO `tb_city` VALUES ('981', '113', '大方县');
INSERT INTO `tb_city` VALUES ('982', '113', '黔西县');
INSERT INTO `tb_city` VALUES ('983', '113', '金沙县');
INSERT INTO `tb_city` VALUES ('984', '113', '织金县');
INSERT INTO `tb_city` VALUES ('985', '113', '纳雍县');
INSERT INTO `tb_city` VALUES ('986', '113', '赫章县');
INSERT INTO `tb_city` VALUES ('987', '113', '威宁');
INSERT INTO `tb_city` VALUES ('988', '114', '钟山区');
INSERT INTO `tb_city` VALUES ('989', '114', '六枝特区');
INSERT INTO `tb_city` VALUES ('990', '114', '水城县');
INSERT INTO `tb_city` VALUES ('991', '114', '盘县');
INSERT INTO `tb_city` VALUES ('992', '115', '凯里市');
INSERT INTO `tb_city` VALUES ('993', '115', '黄平县');
INSERT INTO `tb_city` VALUES ('994', '115', '施秉县');
INSERT INTO `tb_city` VALUES ('995', '115', '三穗县');
INSERT INTO `tb_city` VALUES ('996', '115', '镇远县');
INSERT INTO `tb_city` VALUES ('997', '115', '岑巩县');
INSERT INTO `tb_city` VALUES ('998', '115', '天柱县');
INSERT INTO `tb_city` VALUES ('999', '115', '锦屏县');
INSERT INTO `tb_city` VALUES ('1000', '115', '剑河县');
INSERT INTO `tb_city` VALUES ('1001', '115', '台江县');
INSERT INTO `tb_city` VALUES ('1002', '115', '黎平县');
INSERT INTO `tb_city` VALUES ('1003', '115', '榕江县');
INSERT INTO `tb_city` VALUES ('1004', '115', '从江县');
INSERT INTO `tb_city` VALUES ('1005', '115', '雷山县');
INSERT INTO `tb_city` VALUES ('1006', '115', '麻江县');
INSERT INTO `tb_city` VALUES ('1007', '115', '丹寨县');
INSERT INTO `tb_city` VALUES ('1008', '116', '都匀市');
INSERT INTO `tb_city` VALUES ('1009', '116', '福泉市');
INSERT INTO `tb_city` VALUES ('1010', '116', '荔波县');
INSERT INTO `tb_city` VALUES ('1011', '116', '贵定县');
INSERT INTO `tb_city` VALUES ('1012', '116', '瓮安县');
INSERT INTO `tb_city` VALUES ('1013', '116', '独山县');
INSERT INTO `tb_city` VALUES ('1014', '116', '平塘县');
INSERT INTO `tb_city` VALUES ('1015', '116', '罗甸县');
INSERT INTO `tb_city` VALUES ('1016', '116', '长顺县');
INSERT INTO `tb_city` VALUES ('1017', '116', '龙里县');
INSERT INTO `tb_city` VALUES ('1018', '116', '惠水县');
INSERT INTO `tb_city` VALUES ('1019', '116', '三都');
INSERT INTO `tb_city` VALUES ('1020', '117', '兴义市');
INSERT INTO `tb_city` VALUES ('1021', '117', '兴仁县');
INSERT INTO `tb_city` VALUES ('1022', '117', '普安县');
INSERT INTO `tb_city` VALUES ('1023', '117', '晴隆县');
INSERT INTO `tb_city` VALUES ('1024', '117', '贞丰县');
INSERT INTO `tb_city` VALUES ('1025', '117', '望谟县');
INSERT INTO `tb_city` VALUES ('1026', '117', '册亨县');
INSERT INTO `tb_city` VALUES ('1027', '117', '安龙县');
INSERT INTO `tb_city` VALUES ('1028', '118', '铜仁市');
INSERT INTO `tb_city` VALUES ('1029', '118', '江口县');
INSERT INTO `tb_city` VALUES ('1030', '118', '石阡县');
INSERT INTO `tb_city` VALUES ('1031', '118', '思南县');
INSERT INTO `tb_city` VALUES ('1032', '118', '德江县');
INSERT INTO `tb_city` VALUES ('1033', '118', '玉屏');
INSERT INTO `tb_city` VALUES ('1034', '118', '印江');
INSERT INTO `tb_city` VALUES ('1035', '118', '沿河');
INSERT INTO `tb_city` VALUES ('1036', '118', '松桃');
INSERT INTO `tb_city` VALUES ('1037', '118', '万山特区');
INSERT INTO `tb_city` VALUES ('1038', '119', '红花岗区');
INSERT INTO `tb_city` VALUES ('1039', '119', '务川县');
INSERT INTO `tb_city` VALUES ('1040', '119', '道真县');
INSERT INTO `tb_city` VALUES ('1041', '119', '汇川区');
INSERT INTO `tb_city` VALUES ('1042', '119', '赤水市');
INSERT INTO `tb_city` VALUES ('1043', '119', '仁怀市');
INSERT INTO `tb_city` VALUES ('1044', '119', '遵义县');
INSERT INTO `tb_city` VALUES ('1045', '119', '桐梓县');
INSERT INTO `tb_city` VALUES ('1046', '119', '绥阳县');
INSERT INTO `tb_city` VALUES ('1047', '119', '正安县');
INSERT INTO `tb_city` VALUES ('1048', '119', '凤冈县');
INSERT INTO `tb_city` VALUES ('1049', '119', '湄潭县');
INSERT INTO `tb_city` VALUES ('1050', '119', '余庆县');
INSERT INTO `tb_city` VALUES ('1051', '119', '习水县');
INSERT INTO `tb_city` VALUES ('1052', '119', '道真');
INSERT INTO `tb_city` VALUES ('1053', '119', '务川');
INSERT INTO `tb_city` VALUES ('1054', '120', '秀英区');
INSERT INTO `tb_city` VALUES ('1055', '120', '龙华区');
INSERT INTO `tb_city` VALUES ('1056', '120', '琼山区');
INSERT INTO `tb_city` VALUES ('1057', '120', '美兰区');
INSERT INTO `tb_city` VALUES ('1058', '137', '市区');
INSERT INTO `tb_city` VALUES ('1059', '137', '洋浦开发区');
INSERT INTO `tb_city` VALUES ('1060', '137', '那大镇');
INSERT INTO `tb_city` VALUES ('1061', '137', '王五镇');
INSERT INTO `tb_city` VALUES ('1062', '137', '雅星镇');
INSERT INTO `tb_city` VALUES ('1063', '137', '大成镇');
INSERT INTO `tb_city` VALUES ('1064', '137', '中和镇');
INSERT INTO `tb_city` VALUES ('1065', '137', '峨蔓镇');
INSERT INTO `tb_city` VALUES ('1066', '137', '南丰镇');
INSERT INTO `tb_city` VALUES ('1067', '137', '白马井镇');
INSERT INTO `tb_city` VALUES ('1068', '137', '兰洋镇');
INSERT INTO `tb_city` VALUES ('1069', '137', '和庆镇');
INSERT INTO `tb_city` VALUES ('1070', '137', '海头镇');
INSERT INTO `tb_city` VALUES ('1071', '137', '排浦镇');
INSERT INTO `tb_city` VALUES ('1072', '137', '东成镇');
INSERT INTO `tb_city` VALUES ('1073', '137', '光村镇');
INSERT INTO `tb_city` VALUES ('1074', '137', '木棠镇');
INSERT INTO `tb_city` VALUES ('1075', '137', '新州镇');
INSERT INTO `tb_city` VALUES ('1076', '137', '三都镇');
INSERT INTO `tb_city` VALUES ('1077', '137', '其他');
INSERT INTO `tb_city` VALUES ('1078', '138', '长安区');
INSERT INTO `tb_city` VALUES ('1079', '138', '桥东区');
INSERT INTO `tb_city` VALUES ('1080', '138', '桥西区');
INSERT INTO `tb_city` VALUES ('1081', '138', '新华区');
INSERT INTO `tb_city` VALUES ('1082', '138', '裕华区');
INSERT INTO `tb_city` VALUES ('1083', '138', '井陉矿区');
INSERT INTO `tb_city` VALUES ('1084', '138', '高新区');
INSERT INTO `tb_city` VALUES ('1085', '138', '辛集市');
INSERT INTO `tb_city` VALUES ('1086', '138', '藁城市');
INSERT INTO `tb_city` VALUES ('1087', '138', '晋州市');
INSERT INTO `tb_city` VALUES ('1088', '138', '新乐市');
INSERT INTO `tb_city` VALUES ('1089', '138', '鹿泉市');
INSERT INTO `tb_city` VALUES ('1090', '138', '井陉县');
INSERT INTO `tb_city` VALUES ('1091', '138', '正定县');
INSERT INTO `tb_city` VALUES ('1092', '138', '栾城县');
INSERT INTO `tb_city` VALUES ('1093', '138', '行唐县');
INSERT INTO `tb_city` VALUES ('1094', '138', '灵寿县');
INSERT INTO `tb_city` VALUES ('1095', '138', '高邑县');
INSERT INTO `tb_city` VALUES ('1096', '138', '深泽县');
INSERT INTO `tb_city` VALUES ('1097', '138', '赞皇县');
INSERT INTO `tb_city` VALUES ('1098', '138', '无极县');
INSERT INTO `tb_city` VALUES ('1099', '138', '平山县');
INSERT INTO `tb_city` VALUES ('1100', '138', '元氏县');
INSERT INTO `tb_city` VALUES ('1101', '138', '赵县');
INSERT INTO `tb_city` VALUES ('1102', '139', '新市区');
INSERT INTO `tb_city` VALUES ('1103', '139', '南市区');
INSERT INTO `tb_city` VALUES ('1104', '139', '北市区');
INSERT INTO `tb_city` VALUES ('1105', '139', '涿州市');
INSERT INTO `tb_city` VALUES ('1106', '139', '定州市');
INSERT INTO `tb_city` VALUES ('1107', '139', '安国市');
INSERT INTO `tb_city` VALUES ('1108', '139', '高碑店市');
INSERT INTO `tb_city` VALUES ('1109', '139', '满城县');
INSERT INTO `tb_city` VALUES ('1110', '139', '清苑县');
INSERT INTO `tb_city` VALUES ('1111', '139', '涞水县');
INSERT INTO `tb_city` VALUES ('1112', '139', '阜平县');
INSERT INTO `tb_city` VALUES ('1113', '139', '徐水县');
INSERT INTO `tb_city` VALUES ('1114', '139', '定兴县');
INSERT INTO `tb_city` VALUES ('1115', '139', '唐县');
INSERT INTO `tb_city` VALUES ('1116', '139', '高阳县');
INSERT INTO `tb_city` VALUES ('1117', '139', '容城县');
INSERT INTO `tb_city` VALUES ('1118', '139', '涞源县');
INSERT INTO `tb_city` VALUES ('1119', '139', '望都县');
INSERT INTO `tb_city` VALUES ('1120', '139', '安新县');
INSERT INTO `tb_city` VALUES ('1121', '139', '易县');
INSERT INTO `tb_city` VALUES ('1122', '139', '曲阳县');
INSERT INTO `tb_city` VALUES ('1123', '139', '蠡县');
INSERT INTO `tb_city` VALUES ('1124', '139', '顺平县');
INSERT INTO `tb_city` VALUES ('1125', '139', '博野县');
INSERT INTO `tb_city` VALUES ('1126', '139', '雄县');
INSERT INTO `tb_city` VALUES ('1127', '140', '运河区');
INSERT INTO `tb_city` VALUES ('1128', '140', '新华区');
INSERT INTO `tb_city` VALUES ('1129', '140', '泊头市');
INSERT INTO `tb_city` VALUES ('1130', '140', '任丘市');
INSERT INTO `tb_city` VALUES ('1131', '140', '黄骅市');
INSERT INTO `tb_city` VALUES ('1132', '140', '河间市');
INSERT INTO `tb_city` VALUES ('1133', '140', '沧县');
INSERT INTO `tb_city` VALUES ('1134', '140', '青县');
INSERT INTO `tb_city` VALUES ('1135', '140', '东光县');
INSERT INTO `tb_city` VALUES ('1136', '140', '海兴县');
INSERT INTO `tb_city` VALUES ('1137', '140', '盐山县');
INSERT INTO `tb_city` VALUES ('1138', '140', '肃宁县');
INSERT INTO `tb_city` VALUES ('1139', '140', '南皮县');
INSERT INTO `tb_city` VALUES ('1140', '140', '吴桥县');
INSERT INTO `tb_city` VALUES ('1141', '140', '献县');
INSERT INTO `tb_city` VALUES ('1142', '140', '孟村');
INSERT INTO `tb_city` VALUES ('1143', '141', '双桥区');
INSERT INTO `tb_city` VALUES ('1144', '141', '双滦区');
INSERT INTO `tb_city` VALUES ('1145', '141', '鹰手营子矿区');
INSERT INTO `tb_city` VALUES ('1146', '141', '承德县');
INSERT INTO `tb_city` VALUES ('1147', '141', '兴隆县');
INSERT INTO `tb_city` VALUES ('1148', '141', '平泉县');
INSERT INTO `tb_city` VALUES ('1149', '141', '滦平县');
INSERT INTO `tb_city` VALUES ('1150', '141', '隆化县');
INSERT INTO `tb_city` VALUES ('1151', '141', '丰宁');
INSERT INTO `tb_city` VALUES ('1152', '141', '宽城');
INSERT INTO `tb_city` VALUES ('1153', '141', '围场');
INSERT INTO `tb_city` VALUES ('1154', '142', '从台区');
INSERT INTO `tb_city` VALUES ('1155', '142', '复兴区');
INSERT INTO `tb_city` VALUES ('1156', '142', '邯山区');
INSERT INTO `tb_city` VALUES ('1157', '142', '峰峰矿区');
INSERT INTO `tb_city` VALUES ('1158', '142', '武安市');
INSERT INTO `tb_city` VALUES ('1159', '142', '邯郸县');
INSERT INTO `tb_city` VALUES ('1160', '142', '临漳县');
INSERT INTO `tb_city` VALUES ('1161', '142', '成安县');
INSERT INTO `tb_city` VALUES ('1162', '142', '大名县');
INSERT INTO `tb_city` VALUES ('1163', '142', '涉县');
INSERT INTO `tb_city` VALUES ('1164', '142', '磁县');
INSERT INTO `tb_city` VALUES ('1165', '142', '肥乡县');
INSERT INTO `tb_city` VALUES ('1166', '142', '永年县');
INSERT INTO `tb_city` VALUES ('1167', '142', '邱县');
INSERT INTO `tb_city` VALUES ('1168', '142', '鸡泽县');
INSERT INTO `tb_city` VALUES ('1169', '142', '广平县');
INSERT INTO `tb_city` VALUES ('1170', '142', '馆陶县');
INSERT INTO `tb_city` VALUES ('1171', '142', '魏县');
INSERT INTO `tb_city` VALUES ('1172', '142', '曲周县');
INSERT INTO `tb_city` VALUES ('1173', '143', '桃城区');
INSERT INTO `tb_city` VALUES ('1174', '143', '冀州市');
INSERT INTO `tb_city` VALUES ('1175', '143', '深州市');
INSERT INTO `tb_city` VALUES ('1176', '143', '枣强县');
INSERT INTO `tb_city` VALUES ('1177', '143', '武邑县');
INSERT INTO `tb_city` VALUES ('1178', '143', '武强县');
INSERT INTO `tb_city` VALUES ('1179', '143', '饶阳县');
INSERT INTO `tb_city` VALUES ('1180', '143', '安平县');
INSERT INTO `tb_city` VALUES ('1181', '143', '故城县');
INSERT INTO `tb_city` VALUES ('1182', '143', '景县');
INSERT INTO `tb_city` VALUES ('1183', '143', '阜城县');
INSERT INTO `tb_city` VALUES ('1184', '144', '安次区');
INSERT INTO `tb_city` VALUES ('1185', '144', '广阳区');
INSERT INTO `tb_city` VALUES ('1186', '144', '霸州市');
INSERT INTO `tb_city` VALUES ('1187', '144', '三河市');
INSERT INTO `tb_city` VALUES ('1188', '144', '固安县');
INSERT INTO `tb_city` VALUES ('1189', '144', '永清县');
INSERT INTO `tb_city` VALUES ('1190', '144', '香河县');
INSERT INTO `tb_city` VALUES ('1191', '144', '大城县');
INSERT INTO `tb_city` VALUES ('1192', '144', '文安县');
INSERT INTO `tb_city` VALUES ('1193', '144', '大厂');
INSERT INTO `tb_city` VALUES ('1194', '145', '海港区');
INSERT INTO `tb_city` VALUES ('1195', '145', '山海关区');
INSERT INTO `tb_city` VALUES ('1196', '145', '北戴河区');
INSERT INTO `tb_city` VALUES ('1197', '145', '昌黎县');
INSERT INTO `tb_city` VALUES ('1198', '145', '抚宁县');
INSERT INTO `tb_city` VALUES ('1199', '145', '卢龙县');
INSERT INTO `tb_city` VALUES ('1200', '145', '青龙');
INSERT INTO `tb_city` VALUES ('1201', '146', '路北区');
INSERT INTO `tb_city` VALUES ('1202', '146', '路南区');
INSERT INTO `tb_city` VALUES ('1203', '146', '古冶区');
INSERT INTO `tb_city` VALUES ('1204', '146', '开平区');
INSERT INTO `tb_city` VALUES ('1205', '146', '丰南区');
INSERT INTO `tb_city` VALUES ('1206', '146', '丰润区');
INSERT INTO `tb_city` VALUES ('1207', '146', '遵化市');
INSERT INTO `tb_city` VALUES ('1208', '146', '迁安市');
INSERT INTO `tb_city` VALUES ('1209', '146', '滦县');
INSERT INTO `tb_city` VALUES ('1210', '146', '滦南县');
INSERT INTO `tb_city` VALUES ('1211', '146', '乐亭县');
INSERT INTO `tb_city` VALUES ('1212', '146', '迁西县');
INSERT INTO `tb_city` VALUES ('1213', '146', '玉田县');
INSERT INTO `tb_city` VALUES ('1214', '146', '唐海县');
INSERT INTO `tb_city` VALUES ('1215', '147', '桥东区');
INSERT INTO `tb_city` VALUES ('1216', '147', '桥西区');
INSERT INTO `tb_city` VALUES ('1217', '147', '南宫市');
INSERT INTO `tb_city` VALUES ('1218', '147', '沙河市');
INSERT INTO `tb_city` VALUES ('1219', '147', '邢台县');
INSERT INTO `tb_city` VALUES ('1220', '147', '临城县');
INSERT INTO `tb_city` VALUES ('1221', '147', '内丘县');
INSERT INTO `tb_city` VALUES ('1222', '147', '柏乡县');
INSERT INTO `tb_city` VALUES ('1223', '147', '隆尧县');
INSERT INTO `tb_city` VALUES ('1224', '147', '任县');
INSERT INTO `tb_city` VALUES ('1225', '147', '南和县');
INSERT INTO `tb_city` VALUES ('1226', '147', '宁晋县');
INSERT INTO `tb_city` VALUES ('1227', '147', '巨鹿县');
INSERT INTO `tb_city` VALUES ('1228', '147', '新河县');
INSERT INTO `tb_city` VALUES ('1229', '147', '广宗县');
INSERT INTO `tb_city` VALUES ('1230', '147', '平乡县');
INSERT INTO `tb_city` VALUES ('1231', '147', '威县');
INSERT INTO `tb_city` VALUES ('1232', '147', '清河县');
INSERT INTO `tb_city` VALUES ('1233', '147', '临西县');
INSERT INTO `tb_city` VALUES ('1234', '148', '桥西区');
INSERT INTO `tb_city` VALUES ('1235', '148', '桥东区');
INSERT INTO `tb_city` VALUES ('1236', '148', '宣化区');
INSERT INTO `tb_city` VALUES ('1237', '148', '下花园区');
INSERT INTO `tb_city` VALUES ('1238', '148', '宣化县');
INSERT INTO `tb_city` VALUES ('1239', '148', '张北县');
INSERT INTO `tb_city` VALUES ('1240', '148', '康保县');
INSERT INTO `tb_city` VALUES ('1241', '148', '沽源县');
INSERT INTO `tb_city` VALUES ('1242', '148', '尚义县');
INSERT INTO `tb_city` VALUES ('1243', '148', '蔚县');
INSERT INTO `tb_city` VALUES ('1244', '148', '阳原县');
INSERT INTO `tb_city` VALUES ('1245', '148', '怀安县');
INSERT INTO `tb_city` VALUES ('1246', '148', '万全县');
INSERT INTO `tb_city` VALUES ('1247', '148', '怀来县');
INSERT INTO `tb_city` VALUES ('1248', '148', '涿鹿县');
INSERT INTO `tb_city` VALUES ('1249', '148', '赤城县');
INSERT INTO `tb_city` VALUES ('1250', '148', '崇礼县');
INSERT INTO `tb_city` VALUES ('1251', '149', '金水区');
INSERT INTO `tb_city` VALUES ('1252', '149', '邙山区');
INSERT INTO `tb_city` VALUES ('1253', '149', '二七区');
INSERT INTO `tb_city` VALUES ('1254', '149', '管城区');
INSERT INTO `tb_city` VALUES ('1255', '149', '中原区');
INSERT INTO `tb_city` VALUES ('1256', '149', '上街区');
INSERT INTO `tb_city` VALUES ('1257', '149', '惠济区');
INSERT INTO `tb_city` VALUES ('1258', '149', '郑东新区');
INSERT INTO `tb_city` VALUES ('1259', '149', '经济技术开发区');
INSERT INTO `tb_city` VALUES ('1260', '149', '高新开发区');
INSERT INTO `tb_city` VALUES ('1261', '149', '出口加工区');
INSERT INTO `tb_city` VALUES ('1262', '149', '巩义市');
INSERT INTO `tb_city` VALUES ('1263', '149', '荥阳市');
INSERT INTO `tb_city` VALUES ('1264', '149', '新密市');
INSERT INTO `tb_city` VALUES ('1265', '149', '新郑市');
INSERT INTO `tb_city` VALUES ('1266', '149', '登封市');
INSERT INTO `tb_city` VALUES ('1267', '149', '中牟县');
INSERT INTO `tb_city` VALUES ('1268', '150', '西工区');
INSERT INTO `tb_city` VALUES ('1269', '150', '老城区');
INSERT INTO `tb_city` VALUES ('1270', '150', '涧西区');
INSERT INTO `tb_city` VALUES ('1271', '150', '瀍河回族区');
INSERT INTO `tb_city` VALUES ('1272', '150', '洛龙区');
INSERT INTO `tb_city` VALUES ('1273', '150', '吉利区');
INSERT INTO `tb_city` VALUES ('1274', '150', '偃师市');
INSERT INTO `tb_city` VALUES ('1275', '150', '孟津县');
INSERT INTO `tb_city` VALUES ('1276', '150', '新安县');
INSERT INTO `tb_city` VALUES ('1277', '150', '栾川县');
INSERT INTO `tb_city` VALUES ('1278', '150', '嵩县');
INSERT INTO `tb_city` VALUES ('1279', '150', '汝阳县');
INSERT INTO `tb_city` VALUES ('1280', '150', '宜阳县');
INSERT INTO `tb_city` VALUES ('1281', '150', '洛宁县');
INSERT INTO `tb_city` VALUES ('1282', '150', '伊川县');
INSERT INTO `tb_city` VALUES ('1283', '151', '鼓楼区');
INSERT INTO `tb_city` VALUES ('1284', '151', '龙亭区');
INSERT INTO `tb_city` VALUES ('1285', '151', '顺河回族区');
INSERT INTO `tb_city` VALUES ('1286', '151', '金明区');
INSERT INTO `tb_city` VALUES ('1287', '151', '禹王台区');
INSERT INTO `tb_city` VALUES ('1288', '151', '杞县');
INSERT INTO `tb_city` VALUES ('1289', '151', '通许县');
INSERT INTO `tb_city` VALUES ('1290', '151', '尉氏县');
INSERT INTO `tb_city` VALUES ('1291', '151', '开封县');
INSERT INTO `tb_city` VALUES ('1292', '151', '兰考县');
INSERT INTO `tb_city` VALUES ('1293', '152', '北关区');
INSERT INTO `tb_city` VALUES ('1294', '152', '文峰区');
INSERT INTO `tb_city` VALUES ('1295', '152', '殷都区');
INSERT INTO `tb_city` VALUES ('1296', '152', '龙安区');
INSERT INTO `tb_city` VALUES ('1297', '152', '林州市');
INSERT INTO `tb_city` VALUES ('1298', '152', '安阳县');
INSERT INTO `tb_city` VALUES ('1299', '152', '汤阴县');
INSERT INTO `tb_city` VALUES ('1300', '152', '滑县');
INSERT INTO `tb_city` VALUES ('1301', '152', '内黄县');
INSERT INTO `tb_city` VALUES ('1302', '153', '淇滨区');
INSERT INTO `tb_city` VALUES ('1303', '153', '山城区');
INSERT INTO `tb_city` VALUES ('1304', '153', '鹤山区');
INSERT INTO `tb_city` VALUES ('1305', '153', '浚县');
INSERT INTO `tb_city` VALUES ('1306', '153', '淇县');
INSERT INTO `tb_city` VALUES ('1307', '154', '济源市');
INSERT INTO `tb_city` VALUES ('1308', '155', '解放区');
INSERT INTO `tb_city` VALUES ('1309', '155', '中站区');
INSERT INTO `tb_city` VALUES ('1310', '155', '马村区');
INSERT INTO `tb_city` VALUES ('1311', '155', '山阳区');
INSERT INTO `tb_city` VALUES ('1312', '155', '沁阳市');
INSERT INTO `tb_city` VALUES ('1313', '155', '孟州市');
INSERT INTO `tb_city` VALUES ('1314', '155', '修武县');
INSERT INTO `tb_city` VALUES ('1315', '155', '博爱县');
INSERT INTO `tb_city` VALUES ('1316', '155', '武陟县');
INSERT INTO `tb_city` VALUES ('1317', '155', '温县');
INSERT INTO `tb_city` VALUES ('1318', '156', '卧龙区');
INSERT INTO `tb_city` VALUES ('1319', '156', '宛城区');
INSERT INTO `tb_city` VALUES ('1320', '156', '邓州市');
INSERT INTO `tb_city` VALUES ('1321', '156', '南召县');
INSERT INTO `tb_city` VALUES ('1322', '156', '方城县');
INSERT INTO `tb_city` VALUES ('1323', '156', '西峡县');
INSERT INTO `tb_city` VALUES ('1324', '156', '镇平县');
INSERT INTO `tb_city` VALUES ('1325', '156', '内乡县');
INSERT INTO `tb_city` VALUES ('1326', '156', '淅川县');
INSERT INTO `tb_city` VALUES ('1327', '156', '社旗县');
INSERT INTO `tb_city` VALUES ('1328', '156', '唐河县');
INSERT INTO `tb_city` VALUES ('1329', '156', '新野县');
INSERT INTO `tb_city` VALUES ('1330', '156', '桐柏县');
INSERT INTO `tb_city` VALUES ('1331', '157', '新华区');
INSERT INTO `tb_city` VALUES ('1332', '157', '卫东区');
INSERT INTO `tb_city` VALUES ('1333', '157', '湛河区');
INSERT INTO `tb_city` VALUES ('1334', '157', '石龙区');
INSERT INTO `tb_city` VALUES ('1335', '157', '舞钢市');
INSERT INTO `tb_city` VALUES ('1336', '157', '汝州市');
INSERT INTO `tb_city` VALUES ('1337', '157', '宝丰县');
INSERT INTO `tb_city` VALUES ('1338', '157', '叶县');
INSERT INTO `tb_city` VALUES ('1339', '157', '鲁山县');
INSERT INTO `tb_city` VALUES ('1340', '157', '郏县');
INSERT INTO `tb_city` VALUES ('1341', '158', '湖滨区');
INSERT INTO `tb_city` VALUES ('1342', '158', '义马市');
INSERT INTO `tb_city` VALUES ('1343', '158', '灵宝市');
INSERT INTO `tb_city` VALUES ('1344', '158', '渑池县');
INSERT INTO `tb_city` VALUES ('1345', '158', '陕县');
INSERT INTO `tb_city` VALUES ('1346', '158', '卢氏县');
INSERT INTO `tb_city` VALUES ('1347', '159', '梁园区');
INSERT INTO `tb_city` VALUES ('1348', '159', '睢阳区');
INSERT INTO `tb_city` VALUES ('1349', '159', '永城市');
INSERT INTO `tb_city` VALUES ('1350', '159', '民权县');
INSERT INTO `tb_city` VALUES ('1351', '159', '睢县');
INSERT INTO `tb_city` VALUES ('1352', '159', '宁陵县');
INSERT INTO `tb_city` VALUES ('1353', '159', '虞城县');
INSERT INTO `tb_city` VALUES ('1354', '159', '柘城县');
INSERT INTO `tb_city` VALUES ('1355', '159', '夏邑县');
INSERT INTO `tb_city` VALUES ('1356', '160', '卫滨区');
INSERT INTO `tb_city` VALUES ('1357', '160', '红旗区');
INSERT INTO `tb_city` VALUES ('1358', '160', '凤泉区');
INSERT INTO `tb_city` VALUES ('1359', '160', '牧野区');
INSERT INTO `tb_city` VALUES ('1360', '160', '卫辉市');
INSERT INTO `tb_city` VALUES ('1361', '160', '辉县市');
INSERT INTO `tb_city` VALUES ('1362', '160', '新乡县');
INSERT INTO `tb_city` VALUES ('1363', '160', '获嘉县');
INSERT INTO `tb_city` VALUES ('1364', '160', '原阳县');
INSERT INTO `tb_city` VALUES ('1365', '160', '延津县');
INSERT INTO `tb_city` VALUES ('1366', '160', '封丘县');
INSERT INTO `tb_city` VALUES ('1367', '160', '长垣县');
INSERT INTO `tb_city` VALUES ('1368', '161', '浉河区');
INSERT INTO `tb_city` VALUES ('1369', '161', '平桥区');
INSERT INTO `tb_city` VALUES ('1370', '161', '罗山县');
INSERT INTO `tb_city` VALUES ('1371', '161', '光山县');
INSERT INTO `tb_city` VALUES ('1372', '161', '新县');
INSERT INTO `tb_city` VALUES ('1373', '161', '商城县');
INSERT INTO `tb_city` VALUES ('1374', '161', '固始县');
INSERT INTO `tb_city` VALUES ('1375', '161', '潢川县');
INSERT INTO `tb_city` VALUES ('1376', '161', '淮滨县');
INSERT INTO `tb_city` VALUES ('1377', '161', '息县');
INSERT INTO `tb_city` VALUES ('1378', '162', '魏都区');
INSERT INTO `tb_city` VALUES ('1379', '162', '禹州市');
INSERT INTO `tb_city` VALUES ('1380', '162', '长葛市');
INSERT INTO `tb_city` VALUES ('1381', '162', '许昌县');
INSERT INTO `tb_city` VALUES ('1382', '162', '鄢陵县');
INSERT INTO `tb_city` VALUES ('1383', '162', '襄城县');
INSERT INTO `tb_city` VALUES ('1384', '163', '川汇区');
INSERT INTO `tb_city` VALUES ('1385', '163', '项城市');
INSERT INTO `tb_city` VALUES ('1386', '163', '扶沟县');
INSERT INTO `tb_city` VALUES ('1387', '163', '西华县');
INSERT INTO `tb_city` VALUES ('1388', '163', '商水县');
INSERT INTO `tb_city` VALUES ('1389', '163', '沈丘县');
INSERT INTO `tb_city` VALUES ('1390', '163', '郸城县');
INSERT INTO `tb_city` VALUES ('1391', '163', '淮阳县');
INSERT INTO `tb_city` VALUES ('1392', '163', '太康县');
INSERT INTO `tb_city` VALUES ('1393', '163', '鹿邑县');
INSERT INTO `tb_city` VALUES ('1394', '164', '驿城区');
INSERT INTO `tb_city` VALUES ('1395', '164', '西平县');
INSERT INTO `tb_city` VALUES ('1396', '164', '上蔡县');
INSERT INTO `tb_city` VALUES ('1397', '164', '平舆县');
INSERT INTO `tb_city` VALUES ('1398', '164', '正阳县');
INSERT INTO `tb_city` VALUES ('1399', '164', '确山县');
INSERT INTO `tb_city` VALUES ('1400', '164', '泌阳县');
INSERT INTO `tb_city` VALUES ('1401', '164', '汝南县');
INSERT INTO `tb_city` VALUES ('1402', '164', '遂平县');
INSERT INTO `tb_city` VALUES ('1403', '164', '新蔡县');
INSERT INTO `tb_city` VALUES ('1404', '165', '郾城区');
INSERT INTO `tb_city` VALUES ('1405', '165', '源汇区');
INSERT INTO `tb_city` VALUES ('1406', '165', '召陵区');
INSERT INTO `tb_city` VALUES ('1407', '165', '舞阳县');
INSERT INTO `tb_city` VALUES ('1408', '165', '临颍县');
INSERT INTO `tb_city` VALUES ('1409', '166', '华龙区');
INSERT INTO `tb_city` VALUES ('1410', '166', '清丰县');
INSERT INTO `tb_city` VALUES ('1411', '166', '南乐县');
INSERT INTO `tb_city` VALUES ('1412', '166', '范县');
INSERT INTO `tb_city` VALUES ('1413', '166', '台前县');
INSERT INTO `tb_city` VALUES ('1414', '166', '濮阳县');
INSERT INTO `tb_city` VALUES ('1415', '167', '道里区');
INSERT INTO `tb_city` VALUES ('1416', '167', '南岗区');
INSERT INTO `tb_city` VALUES ('1417', '167', '动力区');
INSERT INTO `tb_city` VALUES ('1418', '167', '平房区');
INSERT INTO `tb_city` VALUES ('1419', '167', '香坊区');
INSERT INTO `tb_city` VALUES ('1420', '167', '太平区');
INSERT INTO `tb_city` VALUES ('1421', '167', '道外区');
INSERT INTO `tb_city` VALUES ('1422', '167', '阿城区');
INSERT INTO `tb_city` VALUES ('1423', '167', '呼兰区');
INSERT INTO `tb_city` VALUES ('1424', '167', '松北区');
INSERT INTO `tb_city` VALUES ('1425', '167', '尚志市');
INSERT INTO `tb_city` VALUES ('1426', '167', '双城市');
INSERT INTO `tb_city` VALUES ('1427', '167', '五常市');
INSERT INTO `tb_city` VALUES ('1428', '167', '方正县');
INSERT INTO `tb_city` VALUES ('1429', '167', '宾县');
INSERT INTO `tb_city` VALUES ('1430', '167', '依兰县');
INSERT INTO `tb_city` VALUES ('1431', '167', '巴彦县');
INSERT INTO `tb_city` VALUES ('1432', '167', '通河县');
INSERT INTO `tb_city` VALUES ('1433', '167', '木兰县');
INSERT INTO `tb_city` VALUES ('1434', '167', '延寿县');
INSERT INTO `tb_city` VALUES ('1435', '168', '萨尔图区');
INSERT INTO `tb_city` VALUES ('1436', '168', '红岗区');
INSERT INTO `tb_city` VALUES ('1437', '168', '龙凤区');
INSERT INTO `tb_city` VALUES ('1438', '168', '让胡路区');
INSERT INTO `tb_city` VALUES ('1439', '168', '大同区');
INSERT INTO `tb_city` VALUES ('1440', '168', '肇州县');
INSERT INTO `tb_city` VALUES ('1441', '168', '肇源县');
INSERT INTO `tb_city` VALUES ('1442', '168', '林甸县');
INSERT INTO `tb_city` VALUES ('1443', '168', '杜尔伯特');
INSERT INTO `tb_city` VALUES ('1444', '169', '呼玛县');
INSERT INTO `tb_city` VALUES ('1445', '169', '漠河县');
INSERT INTO `tb_city` VALUES ('1446', '169', '塔河县');
INSERT INTO `tb_city` VALUES ('1447', '170', '兴山区');
INSERT INTO `tb_city` VALUES ('1448', '170', '工农区');
INSERT INTO `tb_city` VALUES ('1449', '170', '南山区');
INSERT INTO `tb_city` VALUES ('1450', '170', '兴安区');
INSERT INTO `tb_city` VALUES ('1451', '170', '向阳区');
INSERT INTO `tb_city` VALUES ('1452', '170', '东山区');
INSERT INTO `tb_city` VALUES ('1453', '170', '萝北县');
INSERT INTO `tb_city` VALUES ('1454', '170', '绥滨县');
INSERT INTO `tb_city` VALUES ('1455', '171', '爱辉区');
INSERT INTO `tb_city` VALUES ('1456', '171', '五大连池市');
INSERT INTO `tb_city` VALUES ('1457', '171', '北安市');
INSERT INTO `tb_city` VALUES ('1458', '171', '嫩江县');
INSERT INTO `tb_city` VALUES ('1459', '171', '逊克县');
INSERT INTO `tb_city` VALUES ('1460', '171', '孙吴县');
INSERT INTO `tb_city` VALUES ('1461', '172', '鸡冠区');
INSERT INTO `tb_city` VALUES ('1462', '172', '恒山区');
INSERT INTO `tb_city` VALUES ('1463', '172', '城子河区');
INSERT INTO `tb_city` VALUES ('1464', '172', '滴道区');
INSERT INTO `tb_city` VALUES ('1465', '172', '梨树区');
INSERT INTO `tb_city` VALUES ('1466', '172', '虎林市');
INSERT INTO `tb_city` VALUES ('1467', '172', '密山市');
INSERT INTO `tb_city` VALUES ('1468', '172', '鸡东县');
INSERT INTO `tb_city` VALUES ('1469', '173', '前进区');
INSERT INTO `tb_city` VALUES ('1470', '173', '郊区');
INSERT INTO `tb_city` VALUES ('1471', '173', '向阳区');
INSERT INTO `tb_city` VALUES ('1472', '173', '东风区');
INSERT INTO `tb_city` VALUES ('1473', '173', '同江市');
INSERT INTO `tb_city` VALUES ('1474', '173', '富锦市');
INSERT INTO `tb_city` VALUES ('1475', '173', '桦南县');
INSERT INTO `tb_city` VALUES ('1476', '173', '桦川县');
INSERT INTO `tb_city` VALUES ('1477', '173', '汤原县');
INSERT INTO `tb_city` VALUES ('1478', '173', '抚远县');
INSERT INTO `tb_city` VALUES ('1479', '174', '爱民区');
INSERT INTO `tb_city` VALUES ('1480', '174', '东安区');
INSERT INTO `tb_city` VALUES ('1481', '174', '阳明区');
INSERT INTO `tb_city` VALUES ('1482', '174', '西安区');
INSERT INTO `tb_city` VALUES ('1483', '174', '绥芬河市');
INSERT INTO `tb_city` VALUES ('1484', '174', '海林市');
INSERT INTO `tb_city` VALUES ('1485', '174', '宁安市');
INSERT INTO `tb_city` VALUES ('1486', '174', '穆棱市');
INSERT INTO `tb_city` VALUES ('1487', '174', '东宁县');
INSERT INTO `tb_city` VALUES ('1488', '174', '林口县');
INSERT INTO `tb_city` VALUES ('1489', '175', '桃山区');
INSERT INTO `tb_city` VALUES ('1490', '175', '新兴区');
INSERT INTO `tb_city` VALUES ('1491', '175', '茄子河区');
INSERT INTO `tb_city` VALUES ('1492', '175', '勃利县');
INSERT INTO `tb_city` VALUES ('1493', '176', '龙沙区');
INSERT INTO `tb_city` VALUES ('1494', '176', '昂昂溪区');
INSERT INTO `tb_city` VALUES ('1495', '176', '铁峰区');
INSERT INTO `tb_city` VALUES ('1496', '176', '建华区');
INSERT INTO `tb_city` VALUES ('1497', '176', '富拉尔基区');
INSERT INTO `tb_city` VALUES ('1498', '176', '碾子山区');
INSERT INTO `tb_city` VALUES ('1499', '176', '梅里斯达斡尔区');
INSERT INTO `tb_city` VALUES ('1500', '176', '讷河市');
INSERT INTO `tb_city` VALUES ('1501', '176', '龙江县');
INSERT INTO `tb_city` VALUES ('1502', '176', '依安县');
INSERT INTO `tb_city` VALUES ('1503', '176', '泰来县');
INSERT INTO `tb_city` VALUES ('1504', '176', '甘南县');
INSERT INTO `tb_city` VALUES ('1505', '176', '富裕县');
INSERT INTO `tb_city` VALUES ('1506', '176', '克山县');
INSERT INTO `tb_city` VALUES ('1507', '176', '克东县');
INSERT INTO `tb_city` VALUES ('1508', '176', '拜泉县');
INSERT INTO `tb_city` VALUES ('1509', '177', '尖山区');
INSERT INTO `tb_city` VALUES ('1510', '177', '岭东区');
INSERT INTO `tb_city` VALUES ('1511', '177', '四方台区');
INSERT INTO `tb_city` VALUES ('1512', '177', '宝山区');
INSERT INTO `tb_city` VALUES ('1513', '177', '集贤县');
INSERT INTO `tb_city` VALUES ('1514', '177', '友谊县');
INSERT INTO `tb_city` VALUES ('1515', '177', '宝清县');
INSERT INTO `tb_city` VALUES ('1516', '177', '饶河县');
INSERT INTO `tb_city` VALUES ('1517', '178', '北林区');
INSERT INTO `tb_city` VALUES ('1518', '178', '安达市');
INSERT INTO `tb_city` VALUES ('1519', '178', '肇东市');
INSERT INTO `tb_city` VALUES ('1520', '178', '海伦市');
INSERT INTO `tb_city` VALUES ('1521', '178', '望奎县');
INSERT INTO `tb_city` VALUES ('1522', '178', '兰西县');
INSERT INTO `tb_city` VALUES ('1523', '178', '青冈县');
INSERT INTO `tb_city` VALUES ('1524', '178', '庆安县');
INSERT INTO `tb_city` VALUES ('1525', '178', '明水县');
INSERT INTO `tb_city` VALUES ('1526', '178', '绥棱县');
INSERT INTO `tb_city` VALUES ('1527', '179', '伊春区');
INSERT INTO `tb_city` VALUES ('1528', '179', '带岭区');
INSERT INTO `tb_city` VALUES ('1529', '179', '南岔区');
INSERT INTO `tb_city` VALUES ('1530', '179', '金山屯区');
INSERT INTO `tb_city` VALUES ('1531', '179', '西林区');
INSERT INTO `tb_city` VALUES ('1532', '179', '美溪区');
INSERT INTO `tb_city` VALUES ('1533', '179', '乌马河区');
INSERT INTO `tb_city` VALUES ('1534', '179', '翠峦区');
INSERT INTO `tb_city` VALUES ('1535', '179', '友好区');
INSERT INTO `tb_city` VALUES ('1536', '179', '上甘岭区');
INSERT INTO `tb_city` VALUES ('1537', '179', '五营区');
INSERT INTO `tb_city` VALUES ('1538', '179', '红星区');
INSERT INTO `tb_city` VALUES ('1539', '179', '新青区');
INSERT INTO `tb_city` VALUES ('1540', '179', '汤旺河区');
INSERT INTO `tb_city` VALUES ('1541', '179', '乌伊岭区');
INSERT INTO `tb_city` VALUES ('1542', '179', '铁力市');
INSERT INTO `tb_city` VALUES ('1543', '179', '嘉荫县');
INSERT INTO `tb_city` VALUES ('1544', '180', '江岸区');
INSERT INTO `tb_city` VALUES ('1545', '180', '武昌区');
INSERT INTO `tb_city` VALUES ('1546', '180', '江汉区');
INSERT INTO `tb_city` VALUES ('1547', '180', '硚口区');
INSERT INTO `tb_city` VALUES ('1548', '180', '汉阳区');
INSERT INTO `tb_city` VALUES ('1549', '180', '青山区');
INSERT INTO `tb_city` VALUES ('1550', '180', '洪山区');
INSERT INTO `tb_city` VALUES ('1551', '180', '东西湖区');
INSERT INTO `tb_city` VALUES ('1552', '180', '汉南区');
INSERT INTO `tb_city` VALUES ('1553', '180', '蔡甸区');
INSERT INTO `tb_city` VALUES ('1554', '180', '江夏区');
INSERT INTO `tb_city` VALUES ('1555', '180', '黄陂区');
INSERT INTO `tb_city` VALUES ('1556', '180', '新洲区');
INSERT INTO `tb_city` VALUES ('1557', '180', '经济开发区');
INSERT INTO `tb_city` VALUES ('1558', '181', '仙桃市');
INSERT INTO `tb_city` VALUES ('1559', '182', '鄂城区');
INSERT INTO `tb_city` VALUES ('1560', '182', '华容区');
INSERT INTO `tb_city` VALUES ('1561', '182', '梁子湖区');
INSERT INTO `tb_city` VALUES ('1562', '183', '黄州区');
INSERT INTO `tb_city` VALUES ('1563', '183', '麻城市');
INSERT INTO `tb_city` VALUES ('1564', '183', '武穴市');
INSERT INTO `tb_city` VALUES ('1565', '183', '团风县');
INSERT INTO `tb_city` VALUES ('1566', '183', '红安县');
INSERT INTO `tb_city` VALUES ('1567', '183', '罗田县');
INSERT INTO `tb_city` VALUES ('1568', '183', '英山县');
INSERT INTO `tb_city` VALUES ('1569', '183', '浠水县');
INSERT INTO `tb_city` VALUES ('1570', '183', '蕲春县');
INSERT INTO `tb_city` VALUES ('1571', '183', '黄梅县');
INSERT INTO `tb_city` VALUES ('1572', '184', '黄石港区');
INSERT INTO `tb_city` VALUES ('1573', '184', '西塞山区');
INSERT INTO `tb_city` VALUES ('1574', '184', '下陆区');
INSERT INTO `tb_city` VALUES ('1575', '184', '铁山区');
INSERT INTO `tb_city` VALUES ('1576', '184', '大冶市');
INSERT INTO `tb_city` VALUES ('1577', '184', '阳新县');
INSERT INTO `tb_city` VALUES ('1578', '185', '东宝区');
INSERT INTO `tb_city` VALUES ('1579', '185', '掇刀区');
INSERT INTO `tb_city` VALUES ('1580', '185', '钟祥市');
INSERT INTO `tb_city` VALUES ('1581', '185', '京山县');
INSERT INTO `tb_city` VALUES ('1582', '185', '沙洋县');
INSERT INTO `tb_city` VALUES ('1583', '186', '沙市区');
INSERT INTO `tb_city` VALUES ('1584', '186', '荆州区');
INSERT INTO `tb_city` VALUES ('1585', '186', '石首市');
INSERT INTO `tb_city` VALUES ('1586', '186', '洪湖市');
INSERT INTO `tb_city` VALUES ('1587', '186', '松滋市');
INSERT INTO `tb_city` VALUES ('1588', '186', '公安县');
INSERT INTO `tb_city` VALUES ('1589', '186', '监利县');
INSERT INTO `tb_city` VALUES ('1590', '186', '江陵县');
INSERT INTO `tb_city` VALUES ('1591', '187', '潜江市');
INSERT INTO `tb_city` VALUES ('1592', '188', '神农架林区');
INSERT INTO `tb_city` VALUES ('1593', '189', '张湾区');
INSERT INTO `tb_city` VALUES ('1594', '189', '茅箭区');
INSERT INTO `tb_city` VALUES ('1595', '189', '丹江口市');
INSERT INTO `tb_city` VALUES ('1596', '189', '郧县');
INSERT INTO `tb_city` VALUES ('1597', '189', '郧西县');
INSERT INTO `tb_city` VALUES ('1598', '189', '竹山县');
INSERT INTO `tb_city` VALUES ('1599', '189', '竹溪县');
INSERT INTO `tb_city` VALUES ('1600', '189', '房县');
INSERT INTO `tb_city` VALUES ('1601', '190', '曾都区');
INSERT INTO `tb_city` VALUES ('1602', '190', '广水市');
INSERT INTO `tb_city` VALUES ('1603', '191', '天门市');
INSERT INTO `tb_city` VALUES ('1604', '192', '咸安区');
INSERT INTO `tb_city` VALUES ('1605', '192', '赤壁市');
INSERT INTO `tb_city` VALUES ('1606', '192', '嘉鱼县');
INSERT INTO `tb_city` VALUES ('1607', '192', '通城县');
INSERT INTO `tb_city` VALUES ('1608', '192', '崇阳县');
INSERT INTO `tb_city` VALUES ('1609', '192', '通山县');
INSERT INTO `tb_city` VALUES ('1610', '193', '襄城区');
INSERT INTO `tb_city` VALUES ('1611', '193', '樊城区');
INSERT INTO `tb_city` VALUES ('1612', '193', '襄阳区');
INSERT INTO `tb_city` VALUES ('1613', '193', '老河口市');
INSERT INTO `tb_city` VALUES ('1614', '193', '枣阳市');
INSERT INTO `tb_city` VALUES ('1615', '193', '宜城市');
INSERT INTO `tb_city` VALUES ('1616', '193', '南漳县');
INSERT INTO `tb_city` VALUES ('1617', '193', '谷城县');
INSERT INTO `tb_city` VALUES ('1618', '193', '保康县');
INSERT INTO `tb_city` VALUES ('1619', '194', '孝南区');
INSERT INTO `tb_city` VALUES ('1620', '194', '应城市');
INSERT INTO `tb_city` VALUES ('1621', '194', '安陆市');
INSERT INTO `tb_city` VALUES ('1622', '194', '汉川市');
INSERT INTO `tb_city` VALUES ('1623', '194', '孝昌县');
INSERT INTO `tb_city` VALUES ('1624', '194', '大悟县');
INSERT INTO `tb_city` VALUES ('1625', '194', '云梦县');
INSERT INTO `tb_city` VALUES ('1626', '195', '长阳');
INSERT INTO `tb_city` VALUES ('1627', '195', '五峰');
INSERT INTO `tb_city` VALUES ('1628', '195', '西陵区');
INSERT INTO `tb_city` VALUES ('1629', '195', '伍家岗区');
INSERT INTO `tb_city` VALUES ('1630', '195', '点军区');
INSERT INTO `tb_city` VALUES ('1631', '195', '猇亭区');
INSERT INTO `tb_city` VALUES ('1632', '195', '夷陵区');
INSERT INTO `tb_city` VALUES ('1633', '195', '宜都市');
INSERT INTO `tb_city` VALUES ('1634', '195', '当阳市');
INSERT INTO `tb_city` VALUES ('1635', '195', '枝江市');
INSERT INTO `tb_city` VALUES ('1636', '195', '远安县');
INSERT INTO `tb_city` VALUES ('1637', '195', '兴山县');
INSERT INTO `tb_city` VALUES ('1638', '195', '秭归县');
INSERT INTO `tb_city` VALUES ('1639', '196', '恩施市');
INSERT INTO `tb_city` VALUES ('1640', '196', '利川市');
INSERT INTO `tb_city` VALUES ('1641', '196', '建始县');
INSERT INTO `tb_city` VALUES ('1642', '196', '巴东县');
INSERT INTO `tb_city` VALUES ('1643', '196', '宣恩县');
INSERT INTO `tb_city` VALUES ('1644', '196', '咸丰县');
INSERT INTO `tb_city` VALUES ('1645', '196', '来凤县');
INSERT INTO `tb_city` VALUES ('1646', '196', '鹤峰县');
INSERT INTO `tb_city` VALUES ('1647', '197', '岳麓区');
INSERT INTO `tb_city` VALUES ('1648', '197', '芙蓉区');
INSERT INTO `tb_city` VALUES ('1649', '197', '天心区');
INSERT INTO `tb_city` VALUES ('1650', '197', '开福区');
INSERT INTO `tb_city` VALUES ('1651', '197', '雨花区');
INSERT INTO `tb_city` VALUES ('1652', '197', '开发区');
INSERT INTO `tb_city` VALUES ('1653', '197', '浏阳市');
INSERT INTO `tb_city` VALUES ('1654', '197', '长沙县');
INSERT INTO `tb_city` VALUES ('1655', '197', '望城县');
INSERT INTO `tb_city` VALUES ('1656', '197', '宁乡县');
INSERT INTO `tb_city` VALUES ('1657', '198', '永定区');
INSERT INTO `tb_city` VALUES ('1658', '198', '武陵源区');
INSERT INTO `tb_city` VALUES ('1659', '198', '慈利县');
INSERT INTO `tb_city` VALUES ('1660', '198', '桑植县');
INSERT INTO `tb_city` VALUES ('1661', '199', '武陵区');
INSERT INTO `tb_city` VALUES ('1662', '199', '鼎城区');
INSERT INTO `tb_city` VALUES ('1663', '199', '津市市');
INSERT INTO `tb_city` VALUES ('1664', '199', '安乡县');
INSERT INTO `tb_city` VALUES ('1665', '199', '汉寿县');
INSERT INTO `tb_city` VALUES ('1666', '199', '澧县');
INSERT INTO `tb_city` VALUES ('1667', '199', '临澧县');
INSERT INTO `tb_city` VALUES ('1668', '199', '桃源县');
INSERT INTO `tb_city` VALUES ('1669', '199', '石门县');
INSERT INTO `tb_city` VALUES ('1670', '200', '北湖区');
INSERT INTO `tb_city` VALUES ('1671', '200', '苏仙区');
INSERT INTO `tb_city` VALUES ('1672', '200', '资兴市');
INSERT INTO `tb_city` VALUES ('1673', '200', '桂阳县');
INSERT INTO `tb_city` VALUES ('1674', '200', '宜章县');
INSERT INTO `tb_city` VALUES ('1675', '200', '永兴县');
INSERT INTO `tb_city` VALUES ('1676', '200', '嘉禾县');
INSERT INTO `tb_city` VALUES ('1677', '200', '临武县');
INSERT INTO `tb_city` VALUES ('1678', '200', '汝城县');
INSERT INTO `tb_city` VALUES ('1679', '200', '桂东县');
INSERT INTO `tb_city` VALUES ('1680', '200', '安仁县');
INSERT INTO `tb_city` VALUES ('1681', '201', '雁峰区');
INSERT INTO `tb_city` VALUES ('1682', '201', '珠晖区');
INSERT INTO `tb_city` VALUES ('1683', '201', '石鼓区');
INSERT INTO `tb_city` VALUES ('1684', '201', '蒸湘区');
INSERT INTO `tb_city` VALUES ('1685', '201', '南岳区');
INSERT INTO `tb_city` VALUES ('1686', '201', '耒阳市');
INSERT INTO `tb_city` VALUES ('1687', '201', '常宁市');
INSERT INTO `tb_city` VALUES ('1688', '201', '衡阳县');
INSERT INTO `tb_city` VALUES ('1689', '201', '衡南县');
INSERT INTO `tb_city` VALUES ('1690', '201', '衡山县');
INSERT INTO `tb_city` VALUES ('1691', '201', '衡东县');
INSERT INTO `tb_city` VALUES ('1692', '201', '祁东县');
INSERT INTO `tb_city` VALUES ('1693', '202', '鹤城区');
INSERT INTO `tb_city` VALUES ('1694', '202', '靖州');
INSERT INTO `tb_city` VALUES ('1695', '202', '麻阳');
INSERT INTO `tb_city` VALUES ('1696', '202', '通道');
INSERT INTO `tb_city` VALUES ('1697', '202', '新晃');
INSERT INTO `tb_city` VALUES ('1698', '202', '芷江');
INSERT INTO `tb_city` VALUES ('1699', '202', '沅陵县');
INSERT INTO `tb_city` VALUES ('1700', '202', '辰溪县');
INSERT INTO `tb_city` VALUES ('1701', '202', '溆浦县');
INSERT INTO `tb_city` VALUES ('1702', '202', '中方县');
INSERT INTO `tb_city` VALUES ('1703', '202', '会同县');
INSERT INTO `tb_city` VALUES ('1704', '202', '洪江市');
INSERT INTO `tb_city` VALUES ('1705', '203', '娄星区');
INSERT INTO `tb_city` VALUES ('1706', '203', '冷水江市');
INSERT INTO `tb_city` VALUES ('1707', '203', '涟源市');
INSERT INTO `tb_city` VALUES ('1708', '203', '双峰县');
INSERT INTO `tb_city` VALUES ('1709', '203', '新化县');
INSERT INTO `tb_city` VALUES ('1710', '204', '城步');
INSERT INTO `tb_city` VALUES ('1711', '204', '双清区');
INSERT INTO `tb_city` VALUES ('1712', '204', '大祥区');
INSERT INTO `tb_city` VALUES ('1713', '204', '北塔区');
INSERT INTO `tb_city` VALUES ('1714', '204', '武冈市');
INSERT INTO `tb_city` VALUES ('1715', '204', '邵东县');
INSERT INTO `tb_city` VALUES ('1716', '204', '新邵县');
INSERT INTO `tb_city` VALUES ('1717', '204', '邵阳县');
INSERT INTO `tb_city` VALUES ('1718', '204', '隆回县');
INSERT INTO `tb_city` VALUES ('1719', '204', '洞口县');
INSERT INTO `tb_city` VALUES ('1720', '204', '绥宁县');
INSERT INTO `tb_city` VALUES ('1721', '204', '新宁县');
INSERT INTO `tb_city` VALUES ('1722', '205', '岳塘区');
INSERT INTO `tb_city` VALUES ('1723', '205', '雨湖区');
INSERT INTO `tb_city` VALUES ('1724', '205', '湘乡市');
INSERT INTO `tb_city` VALUES ('1725', '205', '韶山市');
INSERT INTO `tb_city` VALUES ('1726', '205', '湘潭县');
INSERT INTO `tb_city` VALUES ('1727', '206', '吉首市');
INSERT INTO `tb_city` VALUES ('1728', '206', '泸溪县');
INSERT INTO `tb_city` VALUES ('1729', '206', '凤凰县');
INSERT INTO `tb_city` VALUES ('1730', '206', '花垣县');
INSERT INTO `tb_city` VALUES ('1731', '206', '保靖县');
INSERT INTO `tb_city` VALUES ('1732', '206', '古丈县');
INSERT INTO `tb_city` VALUES ('1733', '206', '永顺县');
INSERT INTO `tb_city` VALUES ('1734', '206', '龙山县');
INSERT INTO `tb_city` VALUES ('1735', '207', '赫山区');
INSERT INTO `tb_city` VALUES ('1736', '207', '资阳区');
INSERT INTO `tb_city` VALUES ('1737', '207', '沅江市');
INSERT INTO `tb_city` VALUES ('1738', '207', '南县');
INSERT INTO `tb_city` VALUES ('1739', '207', '桃江县');
INSERT INTO `tb_city` VALUES ('1740', '207', '安化县');
INSERT INTO `tb_city` VALUES ('1741', '208', '江华');
INSERT INTO `tb_city` VALUES ('1742', '208', '冷水滩区');
INSERT INTO `tb_city` VALUES ('1743', '208', '零陵区');
INSERT INTO `tb_city` VALUES ('1744', '208', '祁阳县');
INSERT INTO `tb_city` VALUES ('1745', '208', '东安县');
INSERT INTO `tb_city` VALUES ('1746', '208', '双牌县');
INSERT INTO `tb_city` VALUES ('1747', '208', '道县');
INSERT INTO `tb_city` VALUES ('1748', '208', '江永县');
INSERT INTO `tb_city` VALUES ('1749', '208', '宁远县');
INSERT INTO `tb_city` VALUES ('1750', '208', '蓝山县');
INSERT INTO `tb_city` VALUES ('1751', '208', '新田县');
INSERT INTO `tb_city` VALUES ('1752', '209', '岳阳楼区');
INSERT INTO `tb_city` VALUES ('1753', '209', '君山区');
INSERT INTO `tb_city` VALUES ('1754', '209', '云溪区');
INSERT INTO `tb_city` VALUES ('1755', '209', '汨罗市');
INSERT INTO `tb_city` VALUES ('1756', '209', '临湘市');
INSERT INTO `tb_city` VALUES ('1757', '209', '岳阳县');
INSERT INTO `tb_city` VALUES ('1758', '209', '华容县');
INSERT INTO `tb_city` VALUES ('1759', '209', '湘阴县');
INSERT INTO `tb_city` VALUES ('1760', '209', '平江县');
INSERT INTO `tb_city` VALUES ('1761', '210', '天元区');
INSERT INTO `tb_city` VALUES ('1762', '210', '荷塘区');
INSERT INTO `tb_city` VALUES ('1763', '210', '芦淞区');
INSERT INTO `tb_city` VALUES ('1764', '210', '石峰区');
INSERT INTO `tb_city` VALUES ('1765', '210', '醴陵市');
INSERT INTO `tb_city` VALUES ('1766', '210', '株洲县');
INSERT INTO `tb_city` VALUES ('1767', '210', '攸县');
INSERT INTO `tb_city` VALUES ('1768', '210', '茶陵县');
INSERT INTO `tb_city` VALUES ('1769', '210', '炎陵县');
INSERT INTO `tb_city` VALUES ('1770', '211', '朝阳区');
INSERT INTO `tb_city` VALUES ('1771', '211', '宽城区');
INSERT INTO `tb_city` VALUES ('1772', '211', '二道区');
INSERT INTO `tb_city` VALUES ('1773', '211', '南关区');
INSERT INTO `tb_city` VALUES ('1774', '211', '绿园区');
INSERT INTO `tb_city` VALUES ('1775', '211', '双阳区');
INSERT INTO `tb_city` VALUES ('1776', '211', '净月潭开发区');
INSERT INTO `tb_city` VALUES ('1777', '211', '高新技术开发区');
INSERT INTO `tb_city` VALUES ('1778', '211', '经济技术开发区');
INSERT INTO `tb_city` VALUES ('1779', '211', '汽车产业开发区');
INSERT INTO `tb_city` VALUES ('1780', '211', '德惠市');
INSERT INTO `tb_city` VALUES ('1781', '211', '九台市');
INSERT INTO `tb_city` VALUES ('1782', '211', '榆树市');
INSERT INTO `tb_city` VALUES ('1783', '211', '农安县');
INSERT INTO `tb_city` VALUES ('1784', '212', '船营区');
INSERT INTO `tb_city` VALUES ('1785', '212', '昌邑区');
INSERT INTO `tb_city` VALUES ('1786', '212', '龙潭区');
INSERT INTO `tb_city` VALUES ('1787', '212', '丰满区');
INSERT INTO `tb_city` VALUES ('1788', '212', '蛟河市');
INSERT INTO `tb_city` VALUES ('1789', '212', '桦甸市');
INSERT INTO `tb_city` VALUES ('1790', '212', '舒兰市');
INSERT INTO `tb_city` VALUES ('1791', '212', '磐石市');
INSERT INTO `tb_city` VALUES ('1792', '212', '永吉县');
INSERT INTO `tb_city` VALUES ('1793', '213', '洮北区');
INSERT INTO `tb_city` VALUES ('1794', '213', '洮南市');
INSERT INTO `tb_city` VALUES ('1795', '213', '大安市');
INSERT INTO `tb_city` VALUES ('1796', '213', '镇赉县');
INSERT INTO `tb_city` VALUES ('1797', '213', '通榆县');
INSERT INTO `tb_city` VALUES ('1798', '214', '江源区');
INSERT INTO `tb_city` VALUES ('1799', '214', '八道江区');
INSERT INTO `tb_city` VALUES ('1800', '214', '长白');
INSERT INTO `tb_city` VALUES ('1801', '214', '临江市');
INSERT INTO `tb_city` VALUES ('1802', '214', '抚松县');
INSERT INTO `tb_city` VALUES ('1803', '214', '靖宇县');
INSERT INTO `tb_city` VALUES ('1804', '215', '龙山区');
INSERT INTO `tb_city` VALUES ('1805', '215', '西安区');
INSERT INTO `tb_city` VALUES ('1806', '215', '东丰县');
INSERT INTO `tb_city` VALUES ('1807', '215', '东辽县');
INSERT INTO `tb_city` VALUES ('1808', '216', '铁西区');
INSERT INTO `tb_city` VALUES ('1809', '216', '铁东区');
INSERT INTO `tb_city` VALUES ('1810', '216', '伊通');
INSERT INTO `tb_city` VALUES ('1811', '216', '公主岭市');
INSERT INTO `tb_city` VALUES ('1812', '216', '双辽市');
INSERT INTO `tb_city` VALUES ('1813', '216', '梨树县');
INSERT INTO `tb_city` VALUES ('1814', '217', '前郭尔罗斯');
INSERT INTO `tb_city` VALUES ('1815', '217', '宁江区');
INSERT INTO `tb_city` VALUES ('1816', '217', '长岭县');
INSERT INTO `tb_city` VALUES ('1817', '217', '乾安县');
INSERT INTO `tb_city` VALUES ('1818', '217', '扶余县');
INSERT INTO `tb_city` VALUES ('1819', '218', '东昌区');
INSERT INTO `tb_city` VALUES ('1820', '218', '二道江区');
INSERT INTO `tb_city` VALUES ('1821', '218', '梅河口市');
INSERT INTO `tb_city` VALUES ('1822', '218', '集安市');
INSERT INTO `tb_city` VALUES ('1823', '218', '通化县');
INSERT INTO `tb_city` VALUES ('1824', '218', '辉南县');
INSERT INTO `tb_city` VALUES ('1825', '218', '柳河县');
INSERT INTO `tb_city` VALUES ('1826', '219', '延吉市');
INSERT INTO `tb_city` VALUES ('1827', '219', '图们市');
INSERT INTO `tb_city` VALUES ('1828', '219', '敦化市');
INSERT INTO `tb_city` VALUES ('1829', '219', '珲春市');
INSERT INTO `tb_city` VALUES ('1830', '219', '龙井市');
INSERT INTO `tb_city` VALUES ('1831', '219', '和龙市');
INSERT INTO `tb_city` VALUES ('1832', '219', '安图县');
INSERT INTO `tb_city` VALUES ('1833', '219', '汪清县');
INSERT INTO `tb_city` VALUES ('1834', '220', '玄武区');
INSERT INTO `tb_city` VALUES ('1835', '220', '鼓楼区');
INSERT INTO `tb_city` VALUES ('1836', '220', '白下区');
INSERT INTO `tb_city` VALUES ('1837', '220', '建邺区');
INSERT INTO `tb_city` VALUES ('1838', '220', '秦淮区');
INSERT INTO `tb_city` VALUES ('1839', '220', '雨花台区');
INSERT INTO `tb_city` VALUES ('1840', '220', '下关区');
INSERT INTO `tb_city` VALUES ('1841', '220', '栖霞区');
INSERT INTO `tb_city` VALUES ('1842', '220', '浦口区');
INSERT INTO `tb_city` VALUES ('1843', '220', '江宁区');
INSERT INTO `tb_city` VALUES ('1844', '220', '六合区');
INSERT INTO `tb_city` VALUES ('1845', '220', '溧水县');
INSERT INTO `tb_city` VALUES ('1846', '220', '高淳县');
INSERT INTO `tb_city` VALUES ('1847', '221', '沧浪区');
INSERT INTO `tb_city` VALUES ('1848', '221', '金阊区');
INSERT INTO `tb_city` VALUES ('1849', '221', '平江区');
INSERT INTO `tb_city` VALUES ('1850', '221', '虎丘区');
INSERT INTO `tb_city` VALUES ('1851', '221', '吴中区');
INSERT INTO `tb_city` VALUES ('1852', '221', '相城区');
INSERT INTO `tb_city` VALUES ('1853', '221', '园区');
INSERT INTO `tb_city` VALUES ('1854', '221', '新区');
INSERT INTO `tb_city` VALUES ('1855', '221', '常熟市');
INSERT INTO `tb_city` VALUES ('1856', '221', '张家港市');
INSERT INTO `tb_city` VALUES ('1857', '221', '玉山镇');
INSERT INTO `tb_city` VALUES ('1858', '221', '巴城镇');
INSERT INTO `tb_city` VALUES ('1859', '221', '周市镇');
INSERT INTO `tb_city` VALUES ('1860', '221', '陆家镇');
INSERT INTO `tb_city` VALUES ('1861', '221', '花桥镇');
INSERT INTO `tb_city` VALUES ('1862', '221', '淀山湖镇');
INSERT INTO `tb_city` VALUES ('1863', '221', '张浦镇');
INSERT INTO `tb_city` VALUES ('1864', '221', '周庄镇');
INSERT INTO `tb_city` VALUES ('1865', '221', '千灯镇');
INSERT INTO `tb_city` VALUES ('1866', '221', '锦溪镇');
INSERT INTO `tb_city` VALUES ('1867', '221', '开发区');
INSERT INTO `tb_city` VALUES ('1868', '221', '吴江市');
INSERT INTO `tb_city` VALUES ('1869', '221', '太仓市');
INSERT INTO `tb_city` VALUES ('1870', '222', '崇安区');
INSERT INTO `tb_city` VALUES ('1871', '222', '北塘区');
INSERT INTO `tb_city` VALUES ('1872', '222', '南长区');
INSERT INTO `tb_city` VALUES ('1873', '222', '锡山区');
INSERT INTO `tb_city` VALUES ('1874', '222', '惠山区');
INSERT INTO `tb_city` VALUES ('1875', '222', '滨湖区');
INSERT INTO `tb_city` VALUES ('1876', '222', '新区');
INSERT INTO `tb_city` VALUES ('1877', '222', '江阴市');
INSERT INTO `tb_city` VALUES ('1878', '222', '宜兴市');
INSERT INTO `tb_city` VALUES ('1879', '223', '天宁区');
INSERT INTO `tb_city` VALUES ('1880', '223', '钟楼区');
INSERT INTO `tb_city` VALUES ('1881', '223', '戚墅堰区');
INSERT INTO `tb_city` VALUES ('1882', '223', '郊区');
INSERT INTO `tb_city` VALUES ('1883', '223', '新北区');
INSERT INTO `tb_city` VALUES ('1884', '223', '武进区');
INSERT INTO `tb_city` VALUES ('1885', '223', '溧阳市');
INSERT INTO `tb_city` VALUES ('1886', '223', '金坛市');
INSERT INTO `tb_city` VALUES ('1887', '224', '清河区');
INSERT INTO `tb_city` VALUES ('1888', '224', '清浦区');
INSERT INTO `tb_city` VALUES ('1889', '224', '楚州区');
INSERT INTO `tb_city` VALUES ('1890', '224', '淮阴区');
INSERT INTO `tb_city` VALUES ('1891', '224', '涟水县');
INSERT INTO `tb_city` VALUES ('1892', '224', '洪泽县');
INSERT INTO `tb_city` VALUES ('1893', '224', '盱眙县');
INSERT INTO `tb_city` VALUES ('1894', '224', '金湖县');
INSERT INTO `tb_city` VALUES ('1895', '225', '新浦区');
INSERT INTO `tb_city` VALUES ('1896', '225', '连云区');
INSERT INTO `tb_city` VALUES ('1897', '225', '海州区');
INSERT INTO `tb_city` VALUES ('1898', '225', '赣榆县');
INSERT INTO `tb_city` VALUES ('1899', '225', '东海县');
INSERT INTO `tb_city` VALUES ('1900', '225', '灌云县');
INSERT INTO `tb_city` VALUES ('1901', '225', '灌南县');
INSERT INTO `tb_city` VALUES ('1902', '226', '崇川区');
INSERT INTO `tb_city` VALUES ('1903', '226', '港闸区');
INSERT INTO `tb_city` VALUES ('1904', '226', '经济开发区');
INSERT INTO `tb_city` VALUES ('1905', '226', '启东市');
INSERT INTO `tb_city` VALUES ('1906', '226', '如皋市');
INSERT INTO `tb_city` VALUES ('1907', '226', '通州市');
INSERT INTO `tb_city` VALUES ('1908', '226', '海门市');
INSERT INTO `tb_city` VALUES ('1909', '226', '海安县');
INSERT INTO `tb_city` VALUES ('1910', '226', '如东县');
INSERT INTO `tb_city` VALUES ('1911', '227', '宿城区');
INSERT INTO `tb_city` VALUES ('1912', '227', '宿豫区');
INSERT INTO `tb_city` VALUES ('1913', '227', '宿豫县');
INSERT INTO `tb_city` VALUES ('1914', '227', '沭阳县');
INSERT INTO `tb_city` VALUES ('1915', '227', '泗阳县');
INSERT INTO `tb_city` VALUES ('1916', '227', '泗洪县');
INSERT INTO `tb_city` VALUES ('1917', '228', '海陵区');
INSERT INTO `tb_city` VALUES ('1918', '228', '高港区');
INSERT INTO `tb_city` VALUES ('1919', '228', '兴化市');
INSERT INTO `tb_city` VALUES ('1920', '228', '靖江市');
INSERT INTO `tb_city` VALUES ('1921', '228', '泰兴市');
INSERT INTO `tb_city` VALUES ('1922', '228', '姜堰市');
INSERT INTO `tb_city` VALUES ('1923', '229', '云龙区');
INSERT INTO `tb_city` VALUES ('1924', '229', '鼓楼区');
INSERT INTO `tb_city` VALUES ('1925', '229', '九里区');
INSERT INTO `tb_city` VALUES ('1926', '229', '贾汪区');
INSERT INTO `tb_city` VALUES ('1927', '229', '泉山区');
INSERT INTO `tb_city` VALUES ('1928', '229', '新沂市');
INSERT INTO `tb_city` VALUES ('1929', '229', '邳州市');
INSERT INTO `tb_city` VALUES ('1930', '229', '丰县');
INSERT INTO `tb_city` VALUES ('1931', '229', '沛县');
INSERT INTO `tb_city` VALUES ('1932', '229', '铜山县');
INSERT INTO `tb_city` VALUES ('1933', '229', '睢宁县');
INSERT INTO `tb_city` VALUES ('1934', '230', '城区');
INSERT INTO `tb_city` VALUES ('1935', '230', '亭湖区');
INSERT INTO `tb_city` VALUES ('1936', '230', '盐都区');
INSERT INTO `tb_city` VALUES ('1937', '230', '盐都县');
INSERT INTO `tb_city` VALUES ('1938', '230', '东台市');
INSERT INTO `tb_city` VALUES ('1939', '230', '大丰市');
INSERT INTO `tb_city` VALUES ('1940', '230', '响水县');
INSERT INTO `tb_city` VALUES ('1941', '230', '滨海县');
INSERT INTO `tb_city` VALUES ('1942', '230', '阜宁县');
INSERT INTO `tb_city` VALUES ('1943', '230', '射阳县');
INSERT INTO `tb_city` VALUES ('1944', '230', '建湖县');
INSERT INTO `tb_city` VALUES ('1945', '231', '广陵区');
INSERT INTO `tb_city` VALUES ('1946', '231', '维扬区');
INSERT INTO `tb_city` VALUES ('1947', '231', '邗江区');
INSERT INTO `tb_city` VALUES ('1948', '231', '仪征市');
INSERT INTO `tb_city` VALUES ('1949', '231', '高邮市');
INSERT INTO `tb_city` VALUES ('1950', '231', '江都市');
INSERT INTO `tb_city` VALUES ('1951', '231', '宝应县');
INSERT INTO `tb_city` VALUES ('1952', '232', '京口区');
INSERT INTO `tb_city` VALUES ('1953', '232', '润州区');
INSERT INTO `tb_city` VALUES ('1954', '232', '丹徒区');
INSERT INTO `tb_city` VALUES ('1955', '232', '丹阳市');
INSERT INTO `tb_city` VALUES ('1956', '232', '扬中市');
INSERT INTO `tb_city` VALUES ('1957', '232', '句容市');
INSERT INTO `tb_city` VALUES ('1958', '233', '东湖区');
INSERT INTO `tb_city` VALUES ('1959', '233', '西湖区');
INSERT INTO `tb_city` VALUES ('1960', '233', '青云谱区');
INSERT INTO `tb_city` VALUES ('1961', '233', '湾里区');
INSERT INTO `tb_city` VALUES ('1962', '233', '青山湖区');
INSERT INTO `tb_city` VALUES ('1963', '233', '红谷滩新区');
INSERT INTO `tb_city` VALUES ('1964', '233', '昌北区');
INSERT INTO `tb_city` VALUES ('1965', '233', '高新区');
INSERT INTO `tb_city` VALUES ('1966', '233', '南昌县');
INSERT INTO `tb_city` VALUES ('1967', '233', '新建县');
INSERT INTO `tb_city` VALUES ('1968', '233', '安义县');
INSERT INTO `tb_city` VALUES ('1969', '233', '进贤县');
INSERT INTO `tb_city` VALUES ('1970', '234', '临川区');
INSERT INTO `tb_city` VALUES ('1971', '234', '南城县');
INSERT INTO `tb_city` VALUES ('1972', '234', '黎川县');
INSERT INTO `tb_city` VALUES ('1973', '234', '南丰县');
INSERT INTO `tb_city` VALUES ('1974', '234', '崇仁县');
INSERT INTO `tb_city` VALUES ('1975', '234', '乐安县');
INSERT INTO `tb_city` VALUES ('1976', '234', '宜黄县');
INSERT INTO `tb_city` VALUES ('1977', '234', '金溪县');
INSERT INTO `tb_city` VALUES ('1978', '234', '资溪县');
INSERT INTO `tb_city` VALUES ('1979', '234', '东乡县');
INSERT INTO `tb_city` VALUES ('1980', '234', '广昌县');
INSERT INTO `tb_city` VALUES ('1981', '235', '章贡区');
INSERT INTO `tb_city` VALUES ('1982', '235', '于都县');
INSERT INTO `tb_city` VALUES ('1983', '235', '瑞金市');
INSERT INTO `tb_city` VALUES ('1984', '235', '南康市');
INSERT INTO `tb_city` VALUES ('1985', '235', '赣县');
INSERT INTO `tb_city` VALUES ('1986', '235', '信丰县');
INSERT INTO `tb_city` VALUES ('1987', '235', '大余县');
INSERT INTO `tb_city` VALUES ('1988', '235', '上犹县');
INSERT INTO `tb_city` VALUES ('1989', '235', '崇义县');
INSERT INTO `tb_city` VALUES ('1990', '235', '安远县');
INSERT INTO `tb_city` VALUES ('1991', '235', '龙南县');
INSERT INTO `tb_city` VALUES ('1992', '235', '定南县');
INSERT INTO `tb_city` VALUES ('1993', '235', '全南县');
INSERT INTO `tb_city` VALUES ('1994', '235', '宁都县');
INSERT INTO `tb_city` VALUES ('1995', '235', '兴国县');
INSERT INTO `tb_city` VALUES ('1996', '235', '会昌县');
INSERT INTO `tb_city` VALUES ('1997', '235', '寻乌县');
INSERT INTO `tb_city` VALUES ('1998', '235', '石城县');
INSERT INTO `tb_city` VALUES ('1999', '236', '安福县');
INSERT INTO `tb_city` VALUES ('2000', '236', '吉州区');
INSERT INTO `tb_city` VALUES ('2001', '236', '青原区');
INSERT INTO `tb_city` VALUES ('2002', '236', '井冈山市');
INSERT INTO `tb_city` VALUES ('2003', '236', '吉安县');
INSERT INTO `tb_city` VALUES ('2004', '236', '吉水县');
INSERT INTO `tb_city` VALUES ('2005', '236', '峡江县');
INSERT INTO `tb_city` VALUES ('2006', '236', '新干县');
INSERT INTO `tb_city` VALUES ('2007', '236', '永丰县');
INSERT INTO `tb_city` VALUES ('2008', '236', '泰和县');
INSERT INTO `tb_city` VALUES ('2009', '236', '遂川县');
INSERT INTO `tb_city` VALUES ('2010', '236', '万安县');
INSERT INTO `tb_city` VALUES ('2011', '236', '永新县');
INSERT INTO `tb_city` VALUES ('2012', '237', '珠山区');
INSERT INTO `tb_city` VALUES ('2013', '237', '昌江区');
INSERT INTO `tb_city` VALUES ('2014', '237', '乐平市');
INSERT INTO `tb_city` VALUES ('2015', '237', '浮梁县');
INSERT INTO `tb_city` VALUES ('2016', '238', '浔阳区');
INSERT INTO `tb_city` VALUES ('2017', '238', '庐山区');
INSERT INTO `tb_city` VALUES ('2018', '238', '瑞昌市');
INSERT INTO `tb_city` VALUES ('2019', '238', '九江县');
INSERT INTO `tb_city` VALUES ('2020', '238', '武宁县');
INSERT INTO `tb_city` VALUES ('2021', '238', '修水县');
INSERT INTO `tb_city` VALUES ('2022', '238', '永修县');
INSERT INTO `tb_city` VALUES ('2023', '238', '德安县');
INSERT INTO `tb_city` VALUES ('2024', '238', '星子县');
INSERT INTO `tb_city` VALUES ('2025', '238', '都昌县');
INSERT INTO `tb_city` VALUES ('2026', '238', '湖口县');
INSERT INTO `tb_city` VALUES ('2027', '238', '彭泽县');
INSERT INTO `tb_city` VALUES ('2028', '239', '安源区');
INSERT INTO `tb_city` VALUES ('2029', '239', '湘东区');
INSERT INTO `tb_city` VALUES ('2030', '239', '莲花县');
INSERT INTO `tb_city` VALUES ('2031', '239', '芦溪县');
INSERT INTO `tb_city` VALUES ('2032', '239', '上栗县');
INSERT INTO `tb_city` VALUES ('2033', '240', '信州区');
INSERT INTO `tb_city` VALUES ('2034', '240', '德兴市');
INSERT INTO `tb_city` VALUES ('2035', '240', '上饶县');
INSERT INTO `tb_city` VALUES ('2036', '240', '广丰县');
INSERT INTO `tb_city` VALUES ('2037', '240', '玉山县');
INSERT INTO `tb_city` VALUES ('2038', '240', '铅山县');
INSERT INTO `tb_city` VALUES ('2039', '240', '横峰县');
INSERT INTO `tb_city` VALUES ('2040', '240', '弋阳县');
INSERT INTO `tb_city` VALUES ('2041', '240', '余干县');
INSERT INTO `tb_city` VALUES ('2042', '240', '波阳县');
INSERT INTO `tb_city` VALUES ('2043', '240', '万年县');
INSERT INTO `tb_city` VALUES ('2044', '240', '婺源县');
INSERT INTO `tb_city` VALUES ('2045', '241', '渝水区');
INSERT INTO `tb_city` VALUES ('2046', '241', '分宜县');
INSERT INTO `tb_city` VALUES ('2047', '242', '袁州区');
INSERT INTO `tb_city` VALUES ('2048', '242', '丰城市');
INSERT INTO `tb_city` VALUES ('2049', '242', '樟树市');
INSERT INTO `tb_city` VALUES ('2050', '242', '高安市');
INSERT INTO `tb_city` VALUES ('2051', '242', '奉新县');
INSERT INTO `tb_city` VALUES ('2052', '242', '万载县');
INSERT INTO `tb_city` VALUES ('2053', '242', '上高县');
INSERT INTO `tb_city` VALUES ('2054', '242', '宜丰县');
INSERT INTO `tb_city` VALUES ('2055', '242', '靖安县');
INSERT INTO `tb_city` VALUES ('2056', '242', '铜鼓县');
INSERT INTO `tb_city` VALUES ('2057', '243', '月湖区');
INSERT INTO `tb_city` VALUES ('2058', '243', '贵溪市');
INSERT INTO `tb_city` VALUES ('2059', '243', '余江县');
INSERT INTO `tb_city` VALUES ('2060', '244', '沈河区');
INSERT INTO `tb_city` VALUES ('2061', '244', '皇姑区');
INSERT INTO `tb_city` VALUES ('2062', '244', '和平区');
INSERT INTO `tb_city` VALUES ('2063', '244', '大东区');
INSERT INTO `tb_city` VALUES ('2064', '244', '铁西区');
INSERT INTO `tb_city` VALUES ('2065', '244', '苏家屯区');
INSERT INTO `tb_city` VALUES ('2066', '244', '东陵区');
INSERT INTO `tb_city` VALUES ('2067', '244', '沈北新区');
INSERT INTO `tb_city` VALUES ('2068', '244', '于洪区');
INSERT INTO `tb_city` VALUES ('2069', '244', '浑南新区');
INSERT INTO `tb_city` VALUES ('2070', '244', '新民市');
INSERT INTO `tb_city` VALUES ('2071', '244', '辽中县');
INSERT INTO `tb_city` VALUES ('2072', '244', '康平县');
INSERT INTO `tb_city` VALUES ('2073', '244', '法库县');
INSERT INTO `tb_city` VALUES ('2074', '245', '西岗区');
INSERT INTO `tb_city` VALUES ('2075', '245', '中山区');
INSERT INTO `tb_city` VALUES ('2076', '245', '沙河口区');
INSERT INTO `tb_city` VALUES ('2077', '245', '甘井子区');
INSERT INTO `tb_city` VALUES ('2078', '245', '旅顺口区');
INSERT INTO `tb_city` VALUES ('2079', '245', '金州区');
INSERT INTO `tb_city` VALUES ('2080', '245', '开发区');
INSERT INTO `tb_city` VALUES ('2081', '245', '瓦房店市');
INSERT INTO `tb_city` VALUES ('2082', '245', '普兰店市');
INSERT INTO `tb_city` VALUES ('2083', '245', '庄河市');
INSERT INTO `tb_city` VALUES ('2084', '245', '长海县');
INSERT INTO `tb_city` VALUES ('2085', '246', '铁东区');
INSERT INTO `tb_city` VALUES ('2086', '246', '铁西区');
INSERT INTO `tb_city` VALUES ('2087', '246', '立山区');
INSERT INTO `tb_city` VALUES ('2088', '246', '千山区');
INSERT INTO `tb_city` VALUES ('2089', '246', '岫岩');
INSERT INTO `tb_city` VALUES ('2090', '246', '海城市');
INSERT INTO `tb_city` VALUES ('2091', '246', '台安县');
INSERT INTO `tb_city` VALUES ('2092', '247', '本溪');
INSERT INTO `tb_city` VALUES ('2093', '247', '平山区');
INSERT INTO `tb_city` VALUES ('2094', '247', '明山区');
INSERT INTO `tb_city` VALUES ('2095', '247', '溪湖区');
INSERT INTO `tb_city` VALUES ('2096', '247', '南芬区');
INSERT INTO `tb_city` VALUES ('2097', '247', '桓仁');
INSERT INTO `tb_city` VALUES ('2098', '248', '双塔区');
INSERT INTO `tb_city` VALUES ('2099', '248', '龙城区');
INSERT INTO `tb_city` VALUES ('2100', '248', '喀喇沁左翼蒙古族自治县');
INSERT INTO `tb_city` VALUES ('2101', '248', '北票市');
INSERT INTO `tb_city` VALUES ('2102', '248', '凌源市');
INSERT INTO `tb_city` VALUES ('2103', '248', '朝阳县');
INSERT INTO `tb_city` VALUES ('2104', '248', '建平县');
INSERT INTO `tb_city` VALUES ('2105', '249', '振兴区');
INSERT INTO `tb_city` VALUES ('2106', '249', '元宝区');
INSERT INTO `tb_city` VALUES ('2107', '249', '振安区');
INSERT INTO `tb_city` VALUES ('2108', '249', '宽甸');
INSERT INTO `tb_city` VALUES ('2109', '249', '东港市');
INSERT INTO `tb_city` VALUES ('2110', '249', '凤城市');
INSERT INTO `tb_city` VALUES ('2111', '250', '顺城区');
INSERT INTO `tb_city` VALUES ('2112', '250', '新抚区');
INSERT INTO `tb_city` VALUES ('2113', '250', '东洲区');
INSERT INTO `tb_city` VALUES ('2114', '250', '望花区');
INSERT INTO `tb_city` VALUES ('2115', '250', '清原');
INSERT INTO `tb_city` VALUES ('2116', '250', '新宾');
INSERT INTO `tb_city` VALUES ('2117', '250', '抚顺县');
INSERT INTO `tb_city` VALUES ('2118', '251', '阜新');
INSERT INTO `tb_city` VALUES ('2119', '251', '海州区');
INSERT INTO `tb_city` VALUES ('2120', '251', '新邱区');
INSERT INTO `tb_city` VALUES ('2121', '251', '太平区');
INSERT INTO `tb_city` VALUES ('2122', '251', '清河门区');
INSERT INTO `tb_city` VALUES ('2123', '251', '细河区');
INSERT INTO `tb_city` VALUES ('2124', '251', '彰武县');
INSERT INTO `tb_city` VALUES ('2125', '252', '龙港区');
INSERT INTO `tb_city` VALUES ('2126', '252', '南票区');
INSERT INTO `tb_city` VALUES ('2127', '252', '连山区');
INSERT INTO `tb_city` VALUES ('2128', '252', '兴城市');
INSERT INTO `tb_city` VALUES ('2129', '252', '绥中县');
INSERT INTO `tb_city` VALUES ('2130', '252', '建昌县');
INSERT INTO `tb_city` VALUES ('2131', '253', '太和区');
INSERT INTO `tb_city` VALUES ('2132', '253', '古塔区');
INSERT INTO `tb_city` VALUES ('2133', '253', '凌河区');
INSERT INTO `tb_city` VALUES ('2134', '253', '凌海市');
INSERT INTO `tb_city` VALUES ('2135', '253', '北镇市');
INSERT INTO `tb_city` VALUES ('2136', '253', '黑山县');
INSERT INTO `tb_city` VALUES ('2137', '253', '义县');
INSERT INTO `tb_city` VALUES ('2138', '254', '白塔区');
INSERT INTO `tb_city` VALUES ('2139', '254', '文圣区');
INSERT INTO `tb_city` VALUES ('2140', '254', '宏伟区');
INSERT INTO `tb_city` VALUES ('2141', '254', '太子河区');
INSERT INTO `tb_city` VALUES ('2142', '254', '弓长岭区');
INSERT INTO `tb_city` VALUES ('2143', '254', '灯塔市');
INSERT INTO `tb_city` VALUES ('2144', '254', '辽阳县');
INSERT INTO `tb_city` VALUES ('2145', '255', '双台子区');
INSERT INTO `tb_city` VALUES ('2146', '255', '兴隆台区');
INSERT INTO `tb_city` VALUES ('2147', '255', '大洼县');
INSERT INTO `tb_city` VALUES ('2148', '255', '盘山县');
INSERT INTO `tb_city` VALUES ('2149', '256', '银州区');
INSERT INTO `tb_city` VALUES ('2150', '256', '清河区');
INSERT INTO `tb_city` VALUES ('2151', '256', '调兵山市');
INSERT INTO `tb_city` VALUES ('2152', '256', '开原市');
INSERT INTO `tb_city` VALUES ('2153', '256', '铁岭县');
INSERT INTO `tb_city` VALUES ('2154', '256', '西丰县');
INSERT INTO `tb_city` VALUES ('2155', '256', '昌图县');
INSERT INTO `tb_city` VALUES ('2156', '257', '站前区');
INSERT INTO `tb_city` VALUES ('2157', '257', '西市区');
INSERT INTO `tb_city` VALUES ('2158', '257', '鲅鱼圈区');
INSERT INTO `tb_city` VALUES ('2159', '257', '老边区');
INSERT INTO `tb_city` VALUES ('2160', '257', '盖州市');
INSERT INTO `tb_city` VALUES ('2161', '257', '大石桥市');
INSERT INTO `tb_city` VALUES ('2162', '258', '回民区');
INSERT INTO `tb_city` VALUES ('2163', '258', '玉泉区');
INSERT INTO `tb_city` VALUES ('2164', '258', '新城区');
INSERT INTO `tb_city` VALUES ('2165', '258', '赛罕区');
INSERT INTO `tb_city` VALUES ('2166', '258', '清水河县');
INSERT INTO `tb_city` VALUES ('2167', '258', '土默特左旗');
INSERT INTO `tb_city` VALUES ('2168', '258', '托克托县');
INSERT INTO `tb_city` VALUES ('2169', '258', '和林格尔县');
INSERT INTO `tb_city` VALUES ('2170', '258', '武川县');
INSERT INTO `tb_city` VALUES ('2171', '259', '阿拉善左旗');
INSERT INTO `tb_city` VALUES ('2172', '259', '阿拉善右旗');
INSERT INTO `tb_city` VALUES ('2173', '259', '额济纳旗');
INSERT INTO `tb_city` VALUES ('2174', '260', '临河区');
INSERT INTO `tb_city` VALUES ('2175', '260', '五原县');
INSERT INTO `tb_city` VALUES ('2176', '260', '磴口县');
INSERT INTO `tb_city` VALUES ('2177', '260', '乌拉特前旗');
INSERT INTO `tb_city` VALUES ('2178', '260', '乌拉特中旗');
INSERT INTO `tb_city` VALUES ('2179', '260', '乌拉特后旗');
INSERT INTO `tb_city` VALUES ('2180', '260', '杭锦后旗');
INSERT INTO `tb_city` VALUES ('2181', '261', '昆都仑区');
INSERT INTO `tb_city` VALUES ('2182', '261', '青山区');
INSERT INTO `tb_city` VALUES ('2183', '261', '东河区');
INSERT INTO `tb_city` VALUES ('2184', '261', '九原区');
INSERT INTO `tb_city` VALUES ('2185', '261', '石拐区');
INSERT INTO `tb_city` VALUES ('2186', '261', '白云矿区');
INSERT INTO `tb_city` VALUES ('2187', '261', '土默特右旗');
INSERT INTO `tb_city` VALUES ('2188', '261', '固阳县');
INSERT INTO `tb_city` VALUES ('2189', '261', '达尔罕茂明安联合旗');
INSERT INTO `tb_city` VALUES ('2190', '262', '红山区');
INSERT INTO `tb_city` VALUES ('2191', '262', '元宝山区');
INSERT INTO `tb_city` VALUES ('2192', '262', '松山区');
INSERT INTO `tb_city` VALUES ('2193', '262', '阿鲁科尔沁旗');
INSERT INTO `tb_city` VALUES ('2194', '262', '巴林左旗');
INSERT INTO `tb_city` VALUES ('2195', '262', '巴林右旗');
INSERT INTO `tb_city` VALUES ('2196', '262', '林西县');
INSERT INTO `tb_city` VALUES ('2197', '262', '克什克腾旗');
INSERT INTO `tb_city` VALUES ('2198', '262', '翁牛特旗');
INSERT INTO `tb_city` VALUES ('2199', '262', '喀喇沁旗');
INSERT INTO `tb_city` VALUES ('2200', '262', '宁城县');
INSERT INTO `tb_city` VALUES ('2201', '262', '敖汉旗');
INSERT INTO `tb_city` VALUES ('2202', '263', '东胜区');
INSERT INTO `tb_city` VALUES ('2203', '263', '达拉特旗');
INSERT INTO `tb_city` VALUES ('2204', '263', '准格尔旗');
INSERT INTO `tb_city` VALUES ('2205', '263', '鄂托克前旗');
INSERT INTO `tb_city` VALUES ('2206', '263', '鄂托克旗');
INSERT INTO `tb_city` VALUES ('2207', '263', '杭锦旗');
INSERT INTO `tb_city` VALUES ('2208', '263', '乌审旗');
INSERT INTO `tb_city` VALUES ('2209', '263', '伊金霍洛旗');
INSERT INTO `tb_city` VALUES ('2210', '264', '海拉尔区');
INSERT INTO `tb_city` VALUES ('2211', '264', '莫力达瓦');
INSERT INTO `tb_city` VALUES ('2212', '264', '满洲里市');
INSERT INTO `tb_city` VALUES ('2213', '264', '牙克石市');
INSERT INTO `tb_city` VALUES ('2214', '264', '扎兰屯市');
INSERT INTO `tb_city` VALUES ('2215', '264', '额尔古纳市');
INSERT INTO `tb_city` VALUES ('2216', '264', '根河市');
INSERT INTO `tb_city` VALUES ('2217', '264', '阿荣旗');
INSERT INTO `tb_city` VALUES ('2218', '264', '鄂伦春自治旗');
INSERT INTO `tb_city` VALUES ('2219', '264', '鄂温克族自治旗');
INSERT INTO `tb_city` VALUES ('2220', '264', '陈巴尔虎旗');
INSERT INTO `tb_city` VALUES ('2221', '264', '新巴尔虎左旗');
INSERT INTO `tb_city` VALUES ('2222', '264', '新巴尔虎右旗');
INSERT INTO `tb_city` VALUES ('2223', '265', '科尔沁区');
INSERT INTO `tb_city` VALUES ('2224', '265', '霍林郭勒市');
INSERT INTO `tb_city` VALUES ('2225', '265', '科尔沁左翼中旗');
INSERT INTO `tb_city` VALUES ('2226', '265', '科尔沁左翼后旗');
INSERT INTO `tb_city` VALUES ('2227', '265', '开鲁县');
INSERT INTO `tb_city` VALUES ('2228', '265', '库伦旗');
INSERT INTO `tb_city` VALUES ('2229', '265', '奈曼旗');
INSERT INTO `tb_city` VALUES ('2230', '265', '扎鲁特旗');
INSERT INTO `tb_city` VALUES ('2231', '266', '海勃湾区');
INSERT INTO `tb_city` VALUES ('2232', '266', '乌达区');
INSERT INTO `tb_city` VALUES ('2233', '266', '海南区');
INSERT INTO `tb_city` VALUES ('2234', '267', '化德县');
INSERT INTO `tb_city` VALUES ('2235', '267', '集宁区');
INSERT INTO `tb_city` VALUES ('2236', '267', '丰镇市');
INSERT INTO `tb_city` VALUES ('2237', '267', '卓资县');
INSERT INTO `tb_city` VALUES ('2238', '267', '商都县');
INSERT INTO `tb_city` VALUES ('2239', '267', '兴和县');
INSERT INTO `tb_city` VALUES ('2240', '267', '凉城县');
INSERT INTO `tb_city` VALUES ('2241', '267', '察哈尔右翼前旗');
INSERT INTO `tb_city` VALUES ('2242', '267', '察哈尔右翼中旗');
INSERT INTO `tb_city` VALUES ('2243', '267', '察哈尔右翼后旗');
INSERT INTO `tb_city` VALUES ('2244', '267', '四子王旗');
INSERT INTO `tb_city` VALUES ('2245', '268', '二连浩特市');
INSERT INTO `tb_city` VALUES ('2246', '268', '锡林浩特市');
INSERT INTO `tb_city` VALUES ('2247', '268', '阿巴嘎旗');
INSERT INTO `tb_city` VALUES ('2248', '268', '苏尼特左旗');
INSERT INTO `tb_city` VALUES ('2249', '268', '苏尼特右旗');
INSERT INTO `tb_city` VALUES ('2250', '268', '东乌珠穆沁旗');
INSERT INTO `tb_city` VALUES ('2251', '268', '西乌珠穆沁旗');
INSERT INTO `tb_city` VALUES ('2252', '268', '太仆寺旗');
INSERT INTO `tb_city` VALUES ('2253', '268', '镶黄旗');
INSERT INTO `tb_city` VALUES ('2254', '268', '正镶白旗');
INSERT INTO `tb_city` VALUES ('2255', '268', '正蓝旗');
INSERT INTO `tb_city` VALUES ('2256', '268', '多伦县');
INSERT INTO `tb_city` VALUES ('2257', '269', '乌兰浩特市');
INSERT INTO `tb_city` VALUES ('2258', '269', '阿尔山市');
INSERT INTO `tb_city` VALUES ('2259', '269', '科尔沁右翼前旗');
INSERT INTO `tb_city` VALUES ('2260', '269', '科尔沁右翼中旗');
INSERT INTO `tb_city` VALUES ('2261', '269', '扎赉特旗');
INSERT INTO `tb_city` VALUES ('2262', '269', '突泉县');
INSERT INTO `tb_city` VALUES ('2263', '270', '西夏区');
INSERT INTO `tb_city` VALUES ('2264', '270', '金凤区');
INSERT INTO `tb_city` VALUES ('2265', '270', '兴庆区');
INSERT INTO `tb_city` VALUES ('2266', '270', '灵武市');
INSERT INTO `tb_city` VALUES ('2267', '270', '永宁县');
INSERT INTO `tb_city` VALUES ('2268', '270', '贺兰县');
INSERT INTO `tb_city` VALUES ('2269', '271', '原州区');
INSERT INTO `tb_city` VALUES ('2270', '271', '海原县');
INSERT INTO `tb_city` VALUES ('2271', '271', '西吉县');
INSERT INTO `tb_city` VALUES ('2272', '271', '隆德县');
INSERT INTO `tb_city` VALUES ('2273', '271', '泾源县');
INSERT INTO `tb_city` VALUES ('2274', '271', '彭阳县');
INSERT INTO `tb_city` VALUES ('2275', '272', '惠农县');
INSERT INTO `tb_city` VALUES ('2276', '272', '大武口区');
INSERT INTO `tb_city` VALUES ('2277', '272', '惠农区');
INSERT INTO `tb_city` VALUES ('2278', '272', '陶乐县');
INSERT INTO `tb_city` VALUES ('2279', '272', '平罗县');
INSERT INTO `tb_city` VALUES ('2280', '273', '利通区');
INSERT INTO `tb_city` VALUES ('2281', '273', '中卫县');
INSERT INTO `tb_city` VALUES ('2282', '273', '青铜峡市');
INSERT INTO `tb_city` VALUES ('2283', '273', '中宁县');
INSERT INTO `tb_city` VALUES ('2284', '273', '盐池县');
INSERT INTO `tb_city` VALUES ('2285', '273', '同心县');
INSERT INTO `tb_city` VALUES ('2286', '274', '沙坡头区');
INSERT INTO `tb_city` VALUES ('2287', '274', '海原县');
INSERT INTO `tb_city` VALUES ('2288', '274', '中宁县');
INSERT INTO `tb_city` VALUES ('2289', '275', '城中区');
INSERT INTO `tb_city` VALUES ('2290', '275', '城东区');
INSERT INTO `tb_city` VALUES ('2291', '275', '城西区');
INSERT INTO `tb_city` VALUES ('2292', '275', '城北区');
INSERT INTO `tb_city` VALUES ('2293', '275', '湟中县');
INSERT INTO `tb_city` VALUES ('2294', '275', '湟源县');
INSERT INTO `tb_city` VALUES ('2295', '275', '大通');
INSERT INTO `tb_city` VALUES ('2296', '276', '玛沁县');
INSERT INTO `tb_city` VALUES ('2297', '276', '班玛县');
INSERT INTO `tb_city` VALUES ('2298', '276', '甘德县');
INSERT INTO `tb_city` VALUES ('2299', '276', '达日县');
INSERT INTO `tb_city` VALUES ('2300', '276', '久治县');
INSERT INTO `tb_city` VALUES ('2301', '276', '玛多县');
INSERT INTO `tb_city` VALUES ('2302', '277', '海晏县');
INSERT INTO `tb_city` VALUES ('2303', '277', '祁连县');
INSERT INTO `tb_city` VALUES ('2304', '277', '刚察县');
INSERT INTO `tb_city` VALUES ('2305', '277', '门源');
INSERT INTO `tb_city` VALUES ('2306', '278', '平安县');
INSERT INTO `tb_city` VALUES ('2307', '278', '乐都县');
INSERT INTO `tb_city` VALUES ('2308', '278', '民和');
INSERT INTO `tb_city` VALUES ('2309', '278', '互助');
INSERT INTO `tb_city` VALUES ('2310', '278', '化隆');
INSERT INTO `tb_city` VALUES ('2311', '278', '循化');
INSERT INTO `tb_city` VALUES ('2312', '279', '共和县');
INSERT INTO `tb_city` VALUES ('2313', '279', '同德县');
INSERT INTO `tb_city` VALUES ('2314', '279', '贵德县');
INSERT INTO `tb_city` VALUES ('2315', '279', '兴海县');
INSERT INTO `tb_city` VALUES ('2316', '279', '贵南县');
INSERT INTO `tb_city` VALUES ('2317', '280', '德令哈市');
INSERT INTO `tb_city` VALUES ('2318', '280', '格尔木市');
INSERT INTO `tb_city` VALUES ('2319', '280', '乌兰县');
INSERT INTO `tb_city` VALUES ('2320', '280', '都兰县');
INSERT INTO `tb_city` VALUES ('2321', '280', '天峻县');
INSERT INTO `tb_city` VALUES ('2322', '281', '同仁县');
INSERT INTO `tb_city` VALUES ('2323', '281', '尖扎县');
INSERT INTO `tb_city` VALUES ('2324', '281', '泽库县');
INSERT INTO `tb_city` VALUES ('2325', '281', '河南蒙古族自治县');
INSERT INTO `tb_city` VALUES ('2326', '282', '玉树县');
INSERT INTO `tb_city` VALUES ('2327', '282', '杂多县');
INSERT INTO `tb_city` VALUES ('2328', '282', '称多县');
INSERT INTO `tb_city` VALUES ('2329', '282', '治多县');
INSERT INTO `tb_city` VALUES ('2330', '282', '囊谦县');
INSERT INTO `tb_city` VALUES ('2331', '282', '曲麻莱县');
INSERT INTO `tb_city` VALUES ('2332', '283', '市中区');
INSERT INTO `tb_city` VALUES ('2333', '283', '历下区');
INSERT INTO `tb_city` VALUES ('2334', '283', '天桥区');
INSERT INTO `tb_city` VALUES ('2335', '283', '槐荫区');
INSERT INTO `tb_city` VALUES ('2336', '283', '历城区');
INSERT INTO `tb_city` VALUES ('2337', '283', '长清区');
INSERT INTO `tb_city` VALUES ('2338', '283', '章丘市');
INSERT INTO `tb_city` VALUES ('2339', '283', '平阴县');
INSERT INTO `tb_city` VALUES ('2340', '283', '济阳县');
INSERT INTO `tb_city` VALUES ('2341', '283', '商河县');
INSERT INTO `tb_city` VALUES ('2342', '284', '市南区');
INSERT INTO `tb_city` VALUES ('2343', '284', '市北区');
INSERT INTO `tb_city` VALUES ('2344', '284', '城阳区');
INSERT INTO `tb_city` VALUES ('2345', '284', '四方区');
INSERT INTO `tb_city` VALUES ('2346', '284', '李沧区');
INSERT INTO `tb_city` VALUES ('2347', '284', '黄岛区');
INSERT INTO `tb_city` VALUES ('2348', '284', '崂山区');
INSERT INTO `tb_city` VALUES ('2349', '284', '胶州市');
INSERT INTO `tb_city` VALUES ('2350', '284', '即墨市');
INSERT INTO `tb_city` VALUES ('2351', '284', '平度市');
INSERT INTO `tb_city` VALUES ('2352', '284', '胶南市');
INSERT INTO `tb_city` VALUES ('2353', '284', '莱西市');
INSERT INTO `tb_city` VALUES ('2354', '285', '滨城区');
INSERT INTO `tb_city` VALUES ('2355', '285', '惠民县');
INSERT INTO `tb_city` VALUES ('2356', '285', '阳信县');
INSERT INTO `tb_city` VALUES ('2357', '285', '无棣县');
INSERT INTO `tb_city` VALUES ('2358', '285', '沾化县');
INSERT INTO `tb_city` VALUES ('2359', '285', '博兴县');
INSERT INTO `tb_city` VALUES ('2360', '285', '邹平县');
INSERT INTO `tb_city` VALUES ('2361', '286', '德城区');
INSERT INTO `tb_city` VALUES ('2362', '286', '陵县');
INSERT INTO `tb_city` VALUES ('2363', '286', '乐陵市');
INSERT INTO `tb_city` VALUES ('2364', '286', '禹城市');
INSERT INTO `tb_city` VALUES ('2365', '286', '宁津县');
INSERT INTO `tb_city` VALUES ('2366', '286', '庆云县');
INSERT INTO `tb_city` VALUES ('2367', '286', '临邑县');
INSERT INTO `tb_city` VALUES ('2368', '286', '齐河县');
INSERT INTO `tb_city` VALUES ('2369', '286', '平原县');
INSERT INTO `tb_city` VALUES ('2370', '286', '夏津县');
INSERT INTO `tb_city` VALUES ('2371', '286', '武城县');
INSERT INTO `tb_city` VALUES ('2372', '287', '东营区');
INSERT INTO `tb_city` VALUES ('2373', '287', '河口区');
INSERT INTO `tb_city` VALUES ('2374', '287', '垦利县');
INSERT INTO `tb_city` VALUES ('2375', '287', '利津县');
INSERT INTO `tb_city` VALUES ('2376', '287', '广饶县');
INSERT INTO `tb_city` VALUES ('2377', '288', '牡丹区');
INSERT INTO `tb_city` VALUES ('2378', '288', '曹县');
INSERT INTO `tb_city` VALUES ('2379', '288', '单县');
INSERT INTO `tb_city` VALUES ('2380', '288', '成武县');
INSERT INTO `tb_city` VALUES ('2381', '288', '巨野县');
INSERT INTO `tb_city` VALUES ('2382', '288', '郓城县');
INSERT INTO `tb_city` VALUES ('2383', '288', '鄄城县');
INSERT INTO `tb_city` VALUES ('2384', '288', '定陶县');
INSERT INTO `tb_city` VALUES ('2385', '288', '东明县');
INSERT INTO `tb_city` VALUES ('2386', '289', '市中区');
INSERT INTO `tb_city` VALUES ('2387', '289', '任城区');
INSERT INTO `tb_city` VALUES ('2388', '289', '曲阜市');
INSERT INTO `tb_city` VALUES ('2389', '289', '兖州市');
INSERT INTO `tb_city` VALUES ('2390', '289', '邹城市');
INSERT INTO `tb_city` VALUES ('2391', '289', '微山县');
INSERT INTO `tb_city` VALUES ('2392', '289', '鱼台县');
INSERT INTO `tb_city` VALUES ('2393', '289', '金乡县');
INSERT INTO `tb_city` VALUES ('2394', '289', '嘉祥县');
INSERT INTO `tb_city` VALUES ('2395', '289', '汶上县');
INSERT INTO `tb_city` VALUES ('2396', '289', '泗水县');
INSERT INTO `tb_city` VALUES ('2397', '289', '梁山县');
INSERT INTO `tb_city` VALUES ('2398', '290', '莱城区');
INSERT INTO `tb_city` VALUES ('2399', '290', '钢城区');
INSERT INTO `tb_city` VALUES ('2400', '291', '东昌府区');
INSERT INTO `tb_city` VALUES ('2401', '291', '临清市');
INSERT INTO `tb_city` VALUES ('2402', '291', '阳谷县');
INSERT INTO `tb_city` VALUES ('2403', '291', '莘县');
INSERT INTO `tb_city` VALUES ('2404', '291', '茌平县');
INSERT INTO `tb_city` VALUES ('2405', '291', '东阿县');
INSERT INTO `tb_city` VALUES ('2406', '291', '冠县');
INSERT INTO `tb_city` VALUES ('2407', '291', '高唐县');
INSERT INTO `tb_city` VALUES ('2408', '292', '兰山区');
INSERT INTO `tb_city` VALUES ('2409', '292', '罗庄区');
INSERT INTO `tb_city` VALUES ('2410', '292', '河东区');
INSERT INTO `tb_city` VALUES ('2411', '292', '沂南县');
INSERT INTO `tb_city` VALUES ('2412', '292', '郯城县');
INSERT INTO `tb_city` VALUES ('2413', '292', '沂水县');
INSERT INTO `tb_city` VALUES ('2414', '292', '苍山县');
INSERT INTO `tb_city` VALUES ('2415', '292', '费县');
INSERT INTO `tb_city` VALUES ('2416', '292', '平邑县');
INSERT INTO `tb_city` VALUES ('2417', '292', '莒南县');
INSERT INTO `tb_city` VALUES ('2418', '292', '蒙阴县');
INSERT INTO `tb_city` VALUES ('2419', '292', '临沭县');
INSERT INTO `tb_city` VALUES ('2420', '293', '东港区');
INSERT INTO `tb_city` VALUES ('2421', '293', '岚山区');
INSERT INTO `tb_city` VALUES ('2422', '293', '五莲县');
INSERT INTO `tb_city` VALUES ('2423', '293', '莒县');
INSERT INTO `tb_city` VALUES ('2424', '294', '泰山区');
INSERT INTO `tb_city` VALUES ('2425', '294', '岱岳区');
INSERT INTO `tb_city` VALUES ('2426', '294', '新泰市');
INSERT INTO `tb_city` VALUES ('2427', '294', '肥城市');
INSERT INTO `tb_city` VALUES ('2428', '294', '宁阳县');
INSERT INTO `tb_city` VALUES ('2429', '294', '东平县');
INSERT INTO `tb_city` VALUES ('2430', '295', '荣成市');
INSERT INTO `tb_city` VALUES ('2431', '295', '乳山市');
INSERT INTO `tb_city` VALUES ('2432', '295', '环翠区');
INSERT INTO `tb_city` VALUES ('2433', '295', '文登市');
INSERT INTO `tb_city` VALUES ('2434', '296', '潍城区');
INSERT INTO `tb_city` VALUES ('2435', '296', '寒亭区');
INSERT INTO `tb_city` VALUES ('2436', '296', '坊子区');
INSERT INTO `tb_city` VALUES ('2437', '296', '奎文区');
INSERT INTO `tb_city` VALUES ('2438', '296', '青州市');
INSERT INTO `tb_city` VALUES ('2439', '296', '诸城市');
INSERT INTO `tb_city` VALUES ('2440', '296', '寿光市');
INSERT INTO `tb_city` VALUES ('2441', '296', '安丘市');
INSERT INTO `tb_city` VALUES ('2442', '296', '高密市');
INSERT INTO `tb_city` VALUES ('2443', '296', '昌邑市');
INSERT INTO `tb_city` VALUES ('2444', '296', '临朐县');
INSERT INTO `tb_city` VALUES ('2445', '296', '昌乐县');
INSERT INTO `tb_city` VALUES ('2446', '297', '芝罘区');
INSERT INTO `tb_city` VALUES ('2447', '297', '福山区');
INSERT INTO `tb_city` VALUES ('2448', '297', '牟平区');
INSERT INTO `tb_city` VALUES ('2449', '297', '莱山区');
INSERT INTO `tb_city` VALUES ('2450', '297', '开发区');
INSERT INTO `tb_city` VALUES ('2451', '297', '龙口市');
INSERT INTO `tb_city` VALUES ('2452', '297', '莱阳市');
INSERT INTO `tb_city` VALUES ('2453', '297', '莱州市');
INSERT INTO `tb_city` VALUES ('2454', '297', '蓬莱市');
INSERT INTO `tb_city` VALUES ('2455', '297', '招远市');
INSERT INTO `tb_city` VALUES ('2456', '297', '栖霞市');
INSERT INTO `tb_city` VALUES ('2457', '297', '海阳市');
INSERT INTO `tb_city` VALUES ('2458', '297', '长岛县');
INSERT INTO `tb_city` VALUES ('2459', '298', '市中区');
INSERT INTO `tb_city` VALUES ('2460', '298', '山亭区');
INSERT INTO `tb_city` VALUES ('2461', '298', '峄城区');
INSERT INTO `tb_city` VALUES ('2462', '298', '台儿庄区');
INSERT INTO `tb_city` VALUES ('2463', '298', '薛城区');
INSERT INTO `tb_city` VALUES ('2464', '298', '滕州市');
INSERT INTO `tb_city` VALUES ('2465', '299', '张店区');
INSERT INTO `tb_city` VALUES ('2466', '299', '临淄区');
INSERT INTO `tb_city` VALUES ('2467', '299', '淄川区');
INSERT INTO `tb_city` VALUES ('2468', '299', '博山区');
INSERT INTO `tb_city` VALUES ('2469', '299', '周村区');
INSERT INTO `tb_city` VALUES ('2470', '299', '桓台县');
INSERT INTO `tb_city` VALUES ('2471', '299', '高青县');
INSERT INTO `tb_city` VALUES ('2472', '299', '沂源县');
INSERT INTO `tb_city` VALUES ('2473', '300', '杏花岭区');
INSERT INTO `tb_city` VALUES ('2474', '300', '小店区');
INSERT INTO `tb_city` VALUES ('2475', '300', '迎泽区');
INSERT INTO `tb_city` VALUES ('2476', '300', '尖草坪区');
INSERT INTO `tb_city` VALUES ('2477', '300', '万柏林区');
INSERT INTO `tb_city` VALUES ('2478', '300', '晋源区');
INSERT INTO `tb_city` VALUES ('2479', '300', '高新开发区');
INSERT INTO `tb_city` VALUES ('2480', '300', '民营经济开发区');
INSERT INTO `tb_city` VALUES ('2481', '300', '经济技术开发区');
INSERT INTO `tb_city` VALUES ('2482', '300', '清徐县');
INSERT INTO `tb_city` VALUES ('2483', '300', '阳曲县');
INSERT INTO `tb_city` VALUES ('2484', '300', '娄烦县');
INSERT INTO `tb_city` VALUES ('2485', '300', '古交市');
INSERT INTO `tb_city` VALUES ('2486', '301', '城区');
INSERT INTO `tb_city` VALUES ('2487', '301', '郊区');
INSERT INTO `tb_city` VALUES ('2488', '301', '沁县');
INSERT INTO `tb_city` VALUES ('2489', '301', '潞城市');
INSERT INTO `tb_city` VALUES ('2490', '301', '长治县');
INSERT INTO `tb_city` VALUES ('2491', '301', '襄垣县');
INSERT INTO `tb_city` VALUES ('2492', '301', '屯留县');
INSERT INTO `tb_city` VALUES ('2493', '301', '平顺县');
INSERT INTO `tb_city` VALUES ('2494', '301', '黎城县');
INSERT INTO `tb_city` VALUES ('2495', '301', '壶关县');
INSERT INTO `tb_city` VALUES ('2496', '301', '长子县');
INSERT INTO `tb_city` VALUES ('2497', '301', '武乡县');
INSERT INTO `tb_city` VALUES ('2498', '301', '沁源县');
INSERT INTO `tb_city` VALUES ('2499', '302', '城区');
INSERT INTO `tb_city` VALUES ('2500', '302', '矿区');
INSERT INTO `tb_city` VALUES ('2501', '302', '南郊区');
INSERT INTO `tb_city` VALUES ('2502', '302', '新荣区');
INSERT INTO `tb_city` VALUES ('2503', '302', '阳高县');
INSERT INTO `tb_city` VALUES ('2504', '302', '天镇县');
INSERT INTO `tb_city` VALUES ('2505', '302', '广灵县');
INSERT INTO `tb_city` VALUES ('2506', '302', '灵丘县');
INSERT INTO `tb_city` VALUES ('2507', '302', '浑源县');
INSERT INTO `tb_city` VALUES ('2508', '302', '左云县');
INSERT INTO `tb_city` VALUES ('2509', '302', '大同县');
INSERT INTO `tb_city` VALUES ('2510', '303', '城区');
INSERT INTO `tb_city` VALUES ('2511', '303', '高平市');
INSERT INTO `tb_city` VALUES ('2512', '303', '沁水县');
INSERT INTO `tb_city` VALUES ('2513', '303', '阳城县');
INSERT INTO `tb_city` VALUES ('2514', '303', '陵川县');
INSERT INTO `tb_city` VALUES ('2515', '303', '泽州县');
INSERT INTO `tb_city` VALUES ('2516', '304', '榆次区');
INSERT INTO `tb_city` VALUES ('2517', '304', '介休市');
INSERT INTO `tb_city` VALUES ('2518', '304', '榆社县');
INSERT INTO `tb_city` VALUES ('2519', '304', '左权县');
INSERT INTO `tb_city` VALUES ('2520', '304', '和顺县');
INSERT INTO `tb_city` VALUES ('2521', '304', '昔阳县');
INSERT INTO `tb_city` VALUES ('2522', '304', '寿阳县');
INSERT INTO `tb_city` VALUES ('2523', '304', '太谷县');
INSERT INTO `tb_city` VALUES ('2524', '304', '祁县');
INSERT INTO `tb_city` VALUES ('2525', '304', '平遥县');
INSERT INTO `tb_city` VALUES ('2526', '304', '灵石县');
INSERT INTO `tb_city` VALUES ('2527', '305', '尧都区');
INSERT INTO `tb_city` VALUES ('2528', '305', '侯马市');
INSERT INTO `tb_city` VALUES ('2529', '305', '霍州市');
INSERT INTO `tb_city` VALUES ('2530', '305', '曲沃县');
INSERT INTO `tb_city` VALUES ('2531', '305', '翼城县');
INSERT INTO `tb_city` VALUES ('2532', '305', '襄汾县');
INSERT INTO `tb_city` VALUES ('2533', '305', '洪洞县');
INSERT INTO `tb_city` VALUES ('2534', '305', '吉县');
INSERT INTO `tb_city` VALUES ('2535', '305', '安泽县');
INSERT INTO `tb_city` VALUES ('2536', '305', '浮山县');
INSERT INTO `tb_city` VALUES ('2537', '305', '古县');
INSERT INTO `tb_city` VALUES ('2538', '305', '乡宁县');
INSERT INTO `tb_city` VALUES ('2539', '305', '大宁县');
INSERT INTO `tb_city` VALUES ('2540', '305', '隰县');
INSERT INTO `tb_city` VALUES ('2541', '305', '永和县');
INSERT INTO `tb_city` VALUES ('2542', '305', '蒲县');
INSERT INTO `tb_city` VALUES ('2543', '305', '汾西县');
INSERT INTO `tb_city` VALUES ('2544', '306', '离石市');
INSERT INTO `tb_city` VALUES ('2545', '306', '离石区');
INSERT INTO `tb_city` VALUES ('2546', '306', '孝义市');
INSERT INTO `tb_city` VALUES ('2547', '306', '汾阳市');
INSERT INTO `tb_city` VALUES ('2548', '306', '文水县');
INSERT INTO `tb_city` VALUES ('2549', '306', '交城县');
INSERT INTO `tb_city` VALUES ('2550', '306', '兴县');
INSERT INTO `tb_city` VALUES ('2551', '306', '临县');
INSERT INTO `tb_city` VALUES ('2552', '306', '柳林县');
INSERT INTO `tb_city` VALUES ('2553', '306', '石楼县');
INSERT INTO `tb_city` VALUES ('2554', '306', '岚县');
INSERT INTO `tb_city` VALUES ('2555', '306', '方山县');
INSERT INTO `tb_city` VALUES ('2556', '306', '中阳县');
INSERT INTO `tb_city` VALUES ('2557', '306', '交口县');
INSERT INTO `tb_city` VALUES ('2558', '307', '朔城区');
INSERT INTO `tb_city` VALUES ('2559', '307', '平鲁区');
INSERT INTO `tb_city` VALUES ('2560', '307', '山阴县');
INSERT INTO `tb_city` VALUES ('2561', '307', '应县');
INSERT INTO `tb_city` VALUES ('2562', '307', '右玉县');
INSERT INTO `tb_city` VALUES ('2563', '307', '怀仁县');
INSERT INTO `tb_city` VALUES ('2564', '308', '忻府区');
INSERT INTO `tb_city` VALUES ('2565', '308', '原平市');
INSERT INTO `tb_city` VALUES ('2566', '308', '定襄县');
INSERT INTO `tb_city` VALUES ('2567', '308', '五台县');
INSERT INTO `tb_city` VALUES ('2568', '308', '代县');
INSERT INTO `tb_city` VALUES ('2569', '308', '繁峙县');
INSERT INTO `tb_city` VALUES ('2570', '308', '宁武县');
INSERT INTO `tb_city` VALUES ('2571', '308', '静乐县');
INSERT INTO `tb_city` VALUES ('2572', '308', '神池县');
INSERT INTO `tb_city` VALUES ('2573', '308', '五寨县');
INSERT INTO `tb_city` VALUES ('2574', '308', '岢岚县');
INSERT INTO `tb_city` VALUES ('2575', '308', '河曲县');
INSERT INTO `tb_city` VALUES ('2576', '308', '保德县');
INSERT INTO `tb_city` VALUES ('2577', '308', '偏关县');
INSERT INTO `tb_city` VALUES ('2578', '309', '城区');
INSERT INTO `tb_city` VALUES ('2579', '309', '矿区');
INSERT INTO `tb_city` VALUES ('2580', '309', '郊区');
INSERT INTO `tb_city` VALUES ('2581', '309', '平定县');
INSERT INTO `tb_city` VALUES ('2582', '309', '盂县');
INSERT INTO `tb_city` VALUES ('2583', '310', '盐湖区');
INSERT INTO `tb_city` VALUES ('2584', '310', '永济市');
INSERT INTO `tb_city` VALUES ('2585', '310', '河津市');
INSERT INTO `tb_city` VALUES ('2586', '310', '临猗县');
INSERT INTO `tb_city` VALUES ('2587', '310', '万荣县');
INSERT INTO `tb_city` VALUES ('2588', '310', '闻喜县');
INSERT INTO `tb_city` VALUES ('2589', '310', '稷山县');
INSERT INTO `tb_city` VALUES ('2590', '310', '新绛县');
INSERT INTO `tb_city` VALUES ('2591', '310', '绛县');
INSERT INTO `tb_city` VALUES ('2592', '310', '垣曲县');
INSERT INTO `tb_city` VALUES ('2593', '310', '夏县');
INSERT INTO `tb_city` VALUES ('2594', '310', '平陆县');
INSERT INTO `tb_city` VALUES ('2595', '310', '芮城县');
INSERT INTO `tb_city` VALUES ('2596', '311', '莲湖区');
INSERT INTO `tb_city` VALUES ('2597', '311', '新城区');
INSERT INTO `tb_city` VALUES ('2598', '311', '碑林区');
INSERT INTO `tb_city` VALUES ('2599', '311', '雁塔区');
INSERT INTO `tb_city` VALUES ('2600', '311', '灞桥区');
INSERT INTO `tb_city` VALUES ('2601', '311', '未央区');
INSERT INTO `tb_city` VALUES ('2602', '311', '阎良区');
INSERT INTO `tb_city` VALUES ('2603', '311', '临潼区');
INSERT INTO `tb_city` VALUES ('2604', '311', '长安区');
INSERT INTO `tb_city` VALUES ('2605', '311', '蓝田县');
INSERT INTO `tb_city` VALUES ('2606', '311', '周至县');
INSERT INTO `tb_city` VALUES ('2607', '311', '户县');
INSERT INTO `tb_city` VALUES ('2608', '311', '高陵县');
INSERT INTO `tb_city` VALUES ('2609', '312', '汉滨区');
INSERT INTO `tb_city` VALUES ('2610', '312', '汉阴县');
INSERT INTO `tb_city` VALUES ('2611', '312', '石泉县');
INSERT INTO `tb_city` VALUES ('2612', '312', '宁陕县');
INSERT INTO `tb_city` VALUES ('2613', '312', '紫阳县');
INSERT INTO `tb_city` VALUES ('2614', '312', '岚皋县');
INSERT INTO `tb_city` VALUES ('2615', '312', '平利县');
INSERT INTO `tb_city` VALUES ('2616', '312', '镇坪县');
INSERT INTO `tb_city` VALUES ('2617', '312', '旬阳县');
INSERT INTO `tb_city` VALUES ('2618', '312', '白河县');
INSERT INTO `tb_city` VALUES ('2619', '313', '陈仓区');
INSERT INTO `tb_city` VALUES ('2620', '313', '渭滨区');
INSERT INTO `tb_city` VALUES ('2621', '313', '金台区');
INSERT INTO `tb_city` VALUES ('2622', '313', '凤翔县');
INSERT INTO `tb_city` VALUES ('2623', '313', '岐山县');
INSERT INTO `tb_city` VALUES ('2624', '313', '扶风县');
INSERT INTO `tb_city` VALUES ('2625', '313', '眉县');
INSERT INTO `tb_city` VALUES ('2626', '313', '陇县');
INSERT INTO `tb_city` VALUES ('2627', '313', '千阳县');
INSERT INTO `tb_city` VALUES ('2628', '313', '麟游县');
INSERT INTO `tb_city` VALUES ('2629', '313', '凤县');
INSERT INTO `tb_city` VALUES ('2630', '313', '太白县');
INSERT INTO `tb_city` VALUES ('2631', '314', '汉台区');
INSERT INTO `tb_city` VALUES ('2632', '314', '南郑县');
INSERT INTO `tb_city` VALUES ('2633', '314', '城固县');
INSERT INTO `tb_city` VALUES ('2634', '314', '洋县');
INSERT INTO `tb_city` VALUES ('2635', '314', '西乡县');
INSERT INTO `tb_city` VALUES ('2636', '314', '勉县');
INSERT INTO `tb_city` VALUES ('2637', '314', '宁强县');
INSERT INTO `tb_city` VALUES ('2638', '314', '略阳县');
INSERT INTO `tb_city` VALUES ('2639', '314', '镇巴县');
INSERT INTO `tb_city` VALUES ('2640', '314', '留坝县');
INSERT INTO `tb_city` VALUES ('2641', '314', '佛坪县');
INSERT INTO `tb_city` VALUES ('2642', '315', '商州区');
INSERT INTO `tb_city` VALUES ('2643', '315', '洛南县');
INSERT INTO `tb_city` VALUES ('2644', '315', '丹凤县');
INSERT INTO `tb_city` VALUES ('2645', '315', '商南县');
INSERT INTO `tb_city` VALUES ('2646', '315', '山阳县');
INSERT INTO `tb_city` VALUES ('2647', '315', '镇安县');
INSERT INTO `tb_city` VALUES ('2648', '315', '柞水县');
INSERT INTO `tb_city` VALUES ('2649', '316', '耀州区');
INSERT INTO `tb_city` VALUES ('2650', '316', '王益区');
INSERT INTO `tb_city` VALUES ('2651', '316', '印台区');
INSERT INTO `tb_city` VALUES ('2652', '316', '宜君县');
INSERT INTO `tb_city` VALUES ('2653', '317', '临渭区');
INSERT INTO `tb_city` VALUES ('2654', '317', '韩城市');
INSERT INTO `tb_city` VALUES ('2655', '317', '华阴市');
INSERT INTO `tb_city` VALUES ('2656', '317', '华县');
INSERT INTO `tb_city` VALUES ('2657', '317', '潼关县');
INSERT INTO `tb_city` VALUES ('2658', '317', '大荔县');
INSERT INTO `tb_city` VALUES ('2659', '317', '合阳县');
INSERT INTO `tb_city` VALUES ('2660', '317', '澄城县');
INSERT INTO `tb_city` VALUES ('2661', '317', '蒲城县');
INSERT INTO `tb_city` VALUES ('2662', '317', '白水县');
INSERT INTO `tb_city` VALUES ('2663', '317', '富平县');
INSERT INTO `tb_city` VALUES ('2664', '318', '秦都区');
INSERT INTO `tb_city` VALUES ('2665', '318', '渭城区');
INSERT INTO `tb_city` VALUES ('2666', '318', '杨陵区');
INSERT INTO `tb_city` VALUES ('2667', '318', '兴平市');
INSERT INTO `tb_city` VALUES ('2668', '318', '三原县');
INSERT INTO `tb_city` VALUES ('2669', '318', '泾阳县');
INSERT INTO `tb_city` VALUES ('2670', '318', '乾县');
INSERT INTO `tb_city` VALUES ('2671', '318', '礼泉县');
INSERT INTO `tb_city` VALUES ('2672', '318', '永寿县');
INSERT INTO `tb_city` VALUES ('2673', '318', '彬县');
INSERT INTO `tb_city` VALUES ('2674', '318', '长武县');
INSERT INTO `tb_city` VALUES ('2675', '318', '旬邑县');
INSERT INTO `tb_city` VALUES ('2676', '318', '淳化县');
INSERT INTO `tb_city` VALUES ('2677', '318', '武功县');
INSERT INTO `tb_city` VALUES ('2678', '319', '吴起县');
INSERT INTO `tb_city` VALUES ('2679', '319', '宝塔区');
INSERT INTO `tb_city` VALUES ('2680', '319', '延长县');
INSERT INTO `tb_city` VALUES ('2681', '319', '延川县');
INSERT INTO `tb_city` VALUES ('2682', '319', '子长县');
INSERT INTO `tb_city` VALUES ('2683', '319', '安塞县');
INSERT INTO `tb_city` VALUES ('2684', '319', '志丹县');
INSERT INTO `tb_city` VALUES ('2685', '319', '甘泉县');
INSERT INTO `tb_city` VALUES ('2686', '319', '富县');
INSERT INTO `tb_city` VALUES ('2687', '319', '洛川县');
INSERT INTO `tb_city` VALUES ('2688', '319', '宜川县');
INSERT INTO `tb_city` VALUES ('2689', '319', '黄龙县');
INSERT INTO `tb_city` VALUES ('2690', '319', '黄陵县');
INSERT INTO `tb_city` VALUES ('2691', '320', '榆阳区');
INSERT INTO `tb_city` VALUES ('2692', '320', '神木县');
INSERT INTO `tb_city` VALUES ('2693', '320', '府谷县');
INSERT INTO `tb_city` VALUES ('2694', '320', '横山县');
INSERT INTO `tb_city` VALUES ('2695', '320', '靖边县');
INSERT INTO `tb_city` VALUES ('2696', '320', '定边县');
INSERT INTO `tb_city` VALUES ('2697', '320', '绥德县');
INSERT INTO `tb_city` VALUES ('2698', '320', '米脂县');
INSERT INTO `tb_city` VALUES ('2699', '320', '佳县');
INSERT INTO `tb_city` VALUES ('2700', '320', '吴堡县');
INSERT INTO `tb_city` VALUES ('2701', '320', '清涧县');
INSERT INTO `tb_city` VALUES ('2702', '320', '子洲县');
INSERT INTO `tb_city` VALUES ('2703', '321', '长宁区');
INSERT INTO `tb_city` VALUES ('2704', '321', '闸北区');
INSERT INTO `tb_city` VALUES ('2705', '321', '闵行区');
INSERT INTO `tb_city` VALUES ('2706', '321', '徐汇区');
INSERT INTO `tb_city` VALUES ('2707', '321', '浦东新区');
INSERT INTO `tb_city` VALUES ('2708', '321', '杨浦区');
INSERT INTO `tb_city` VALUES ('2709', '321', '普陀区');
INSERT INTO `tb_city` VALUES ('2710', '321', '静安区');
INSERT INTO `tb_city` VALUES ('2711', '321', '卢湾区');
INSERT INTO `tb_city` VALUES ('2712', '321', '虹口区');
INSERT INTO `tb_city` VALUES ('2713', '321', '黄浦区');
INSERT INTO `tb_city` VALUES ('2714', '321', '南汇区');
INSERT INTO `tb_city` VALUES ('2715', '321', '松江区');
INSERT INTO `tb_city` VALUES ('2716', '321', '嘉定区');
INSERT INTO `tb_city` VALUES ('2717', '321', '宝山区');
INSERT INTO `tb_city` VALUES ('2718', '321', '青浦区');
INSERT INTO `tb_city` VALUES ('2719', '321', '金山区');
INSERT INTO `tb_city` VALUES ('2720', '321', '奉贤区');
INSERT INTO `tb_city` VALUES ('2721', '321', '崇明县');
INSERT INTO `tb_city` VALUES ('2722', '322', '青羊区');
INSERT INTO `tb_city` VALUES ('2723', '322', '锦江区');
INSERT INTO `tb_city` VALUES ('2724', '322', '金牛区');
INSERT INTO `tb_city` VALUES ('2725', '322', '武侯区');
INSERT INTO `tb_city` VALUES ('2726', '322', '成华区');
INSERT INTO `tb_city` VALUES ('2727', '322', '龙泉驿区');
INSERT INTO `tb_city` VALUES ('2728', '322', '青白江区');
INSERT INTO `tb_city` VALUES ('2729', '322', '新都区');
INSERT INTO `tb_city` VALUES ('2730', '322', '温江区');
INSERT INTO `tb_city` VALUES ('2731', '322', '高新区');
INSERT INTO `tb_city` VALUES ('2732', '322', '高新西区');
INSERT INTO `tb_city` VALUES ('2733', '322', '都江堰市');
INSERT INTO `tb_city` VALUES ('2734', '322', '彭州市');
INSERT INTO `tb_city` VALUES ('2735', '322', '邛崃市');
INSERT INTO `tb_city` VALUES ('2736', '322', '崇州市');
INSERT INTO `tb_city` VALUES ('2737', '322', '金堂县');
INSERT INTO `tb_city` VALUES ('2738', '322', '双流县');
INSERT INTO `tb_city` VALUES ('2739', '322', '郫县');
INSERT INTO `tb_city` VALUES ('2740', '322', '大邑县');
INSERT INTO `tb_city` VALUES ('2741', '322', '蒲江县');
INSERT INTO `tb_city` VALUES ('2742', '322', '新津县');
INSERT INTO `tb_city` VALUES ('2743', '322', '都江堰市');
INSERT INTO `tb_city` VALUES ('2744', '322', '彭州市');
INSERT INTO `tb_city` VALUES ('2745', '322', '邛崃市');
INSERT INTO `tb_city` VALUES ('2746', '322', '崇州市');
INSERT INTO `tb_city` VALUES ('2747', '322', '金堂县');
INSERT INTO `tb_city` VALUES ('2748', '322', '双流县');
INSERT INTO `tb_city` VALUES ('2749', '322', '郫县');
INSERT INTO `tb_city` VALUES ('2750', '322', '大邑县');
INSERT INTO `tb_city` VALUES ('2751', '322', '蒲江县');
INSERT INTO `tb_city` VALUES ('2752', '322', '新津县');
INSERT INTO `tb_city` VALUES ('2753', '323', '涪城区');
INSERT INTO `tb_city` VALUES ('2754', '323', '游仙区');
INSERT INTO `tb_city` VALUES ('2755', '323', '江油市');
INSERT INTO `tb_city` VALUES ('2756', '323', '盐亭县');
INSERT INTO `tb_city` VALUES ('2757', '323', '三台县');
INSERT INTO `tb_city` VALUES ('2758', '323', '平武县');
INSERT INTO `tb_city` VALUES ('2759', '323', '安县');
INSERT INTO `tb_city` VALUES ('2760', '323', '梓潼县');
INSERT INTO `tb_city` VALUES ('2761', '323', '北川县');
INSERT INTO `tb_city` VALUES ('2762', '324', '马尔康县');
INSERT INTO `tb_city` VALUES ('2763', '324', '汶川县');
INSERT INTO `tb_city` VALUES ('2764', '324', '理县');
INSERT INTO `tb_city` VALUES ('2765', '324', '茂县');
INSERT INTO `tb_city` VALUES ('2766', '324', '松潘县');
INSERT INTO `tb_city` VALUES ('2767', '324', '九寨沟县');
INSERT INTO `tb_city` VALUES ('2768', '324', '金川县');
INSERT INTO `tb_city` VALUES ('2769', '324', '小金县');
INSERT INTO `tb_city` VALUES ('2770', '324', '黑水县');
INSERT INTO `tb_city` VALUES ('2771', '324', '壤塘县');
INSERT INTO `tb_city` VALUES ('2772', '324', '阿坝县');
INSERT INTO `tb_city` VALUES ('2773', '324', '若尔盖县');
INSERT INTO `tb_city` VALUES ('2774', '324', '红原县');
INSERT INTO `tb_city` VALUES ('2775', '325', '巴州区');
INSERT INTO `tb_city` VALUES ('2776', '325', '通江县');
INSERT INTO `tb_city` VALUES ('2777', '325', '南江县');
INSERT INTO `tb_city` VALUES ('2778', '325', '平昌县');
INSERT INTO `tb_city` VALUES ('2779', '326', '通川区');
INSERT INTO `tb_city` VALUES ('2780', '326', '万源市');
INSERT INTO `tb_city` VALUES ('2781', '326', '达县');
INSERT INTO `tb_city` VALUES ('2782', '326', '宣汉县');
INSERT INTO `tb_city` VALUES ('2783', '326', '开江县');
INSERT INTO `tb_city` VALUES ('2784', '326', '大竹县');
INSERT INTO `tb_city` VALUES ('2785', '326', '渠县');
INSERT INTO `tb_city` VALUES ('2786', '327', '旌阳区');
INSERT INTO `tb_city` VALUES ('2787', '327', '广汉市');
INSERT INTO `tb_city` VALUES ('2788', '327', '什邡市');
INSERT INTO `tb_city` VALUES ('2789', '327', '绵竹市');
INSERT INTO `tb_city` VALUES ('2790', '327', '罗江县');
INSERT INTO `tb_city` VALUES ('2791', '327', '中江县');
INSERT INTO `tb_city` VALUES ('2792', '328', '康定县');
INSERT INTO `tb_city` VALUES ('2793', '328', '丹巴县');
INSERT INTO `tb_city` VALUES ('2794', '328', '泸定县');
INSERT INTO `tb_city` VALUES ('2795', '328', '炉霍县');
INSERT INTO `tb_city` VALUES ('2796', '328', '九龙县');
INSERT INTO `tb_city` VALUES ('2797', '328', '甘孜县');
INSERT INTO `tb_city` VALUES ('2798', '328', '雅江县');
INSERT INTO `tb_city` VALUES ('2799', '328', '新龙县');
INSERT INTO `tb_city` VALUES ('2800', '328', '道孚县');
INSERT INTO `tb_city` VALUES ('2801', '328', '白玉县');
INSERT INTO `tb_city` VALUES ('2802', '328', '理塘县');
INSERT INTO `tb_city` VALUES ('2803', '328', '德格县');
INSERT INTO `tb_city` VALUES ('2804', '328', '乡城县');
INSERT INTO `tb_city` VALUES ('2805', '328', '石渠县');
INSERT INTO `tb_city` VALUES ('2806', '328', '稻城县');
INSERT INTO `tb_city` VALUES ('2807', '328', '色达县');
INSERT INTO `tb_city` VALUES ('2808', '328', '巴塘县');
INSERT INTO `tb_city` VALUES ('2809', '328', '得荣县');
INSERT INTO `tb_city` VALUES ('2810', '329', '广安区');
INSERT INTO `tb_city` VALUES ('2811', '329', '华蓥市');
INSERT INTO `tb_city` VALUES ('2812', '329', '岳池县');
INSERT INTO `tb_city` VALUES ('2813', '329', '武胜县');
INSERT INTO `tb_city` VALUES ('2814', '329', '邻水县');
INSERT INTO `tb_city` VALUES ('2815', '330', '利州区');
INSERT INTO `tb_city` VALUES ('2816', '330', '元坝区');
INSERT INTO `tb_city` VALUES ('2817', '330', '朝天区');
INSERT INTO `tb_city` VALUES ('2818', '330', '旺苍县');
INSERT INTO `tb_city` VALUES ('2819', '330', '青川县');
INSERT INTO `tb_city` VALUES ('2820', '330', '剑阁县');
INSERT INTO `tb_city` VALUES ('2821', '330', '苍溪县');
INSERT INTO `tb_city` VALUES ('2822', '331', '峨眉山市');
INSERT INTO `tb_city` VALUES ('2823', '331', '乐山市');
INSERT INTO `tb_city` VALUES ('2824', '331', '犍为县');
INSERT INTO `tb_city` VALUES ('2825', '331', '井研县');
INSERT INTO `tb_city` VALUES ('2826', '331', '夹江县');
INSERT INTO `tb_city` VALUES ('2827', '331', '沐川县');
INSERT INTO `tb_city` VALUES ('2828', '331', '峨边');
INSERT INTO `tb_city` VALUES ('2829', '331', '马边');
INSERT INTO `tb_city` VALUES ('2830', '332', '西昌市');
INSERT INTO `tb_city` VALUES ('2831', '332', '盐源县');
INSERT INTO `tb_city` VALUES ('2832', '332', '德昌县');
INSERT INTO `tb_city` VALUES ('2833', '332', '会理县');
INSERT INTO `tb_city` VALUES ('2834', '332', '会东县');
INSERT INTO `tb_city` VALUES ('2835', '332', '宁南县');
INSERT INTO `tb_city` VALUES ('2836', '332', '普格县');
INSERT INTO `tb_city` VALUES ('2837', '332', '布拖县');
INSERT INTO `tb_city` VALUES ('2838', '332', '金阳县');
INSERT INTO `tb_city` VALUES ('2839', '332', '昭觉县');
INSERT INTO `tb_city` VALUES ('2840', '332', '喜德县');
INSERT INTO `tb_city` VALUES ('2841', '332', '冕宁县');
INSERT INTO `tb_city` VALUES ('2842', '332', '越西县');
INSERT INTO `tb_city` VALUES ('2843', '332', '甘洛县');
INSERT INTO `tb_city` VALUES ('2844', '332', '美姑县');
INSERT INTO `tb_city` VALUES ('2845', '332', '雷波县');
INSERT INTO `tb_city` VALUES ('2846', '332', '木里');
INSERT INTO `tb_city` VALUES ('2847', '333', '东坡区');
INSERT INTO `tb_city` VALUES ('2848', '333', '仁寿县');
INSERT INTO `tb_city` VALUES ('2849', '333', '彭山县');
INSERT INTO `tb_city` VALUES ('2850', '333', '洪雅县');
INSERT INTO `tb_city` VALUES ('2851', '333', '丹棱县');
INSERT INTO `tb_city` VALUES ('2852', '333', '青神县');
INSERT INTO `tb_city` VALUES ('2853', '334', '阆中市');
INSERT INTO `tb_city` VALUES ('2854', '334', '南部县');
INSERT INTO `tb_city` VALUES ('2855', '334', '营山县');
INSERT INTO `tb_city` VALUES ('2856', '334', '蓬安县');
INSERT INTO `tb_city` VALUES ('2857', '334', '仪陇县');
INSERT INTO `tb_city` VALUES ('2858', '334', '顺庆区');
INSERT INTO `tb_city` VALUES ('2859', '334', '高坪区');
INSERT INTO `tb_city` VALUES ('2860', '334', '嘉陵区');
INSERT INTO `tb_city` VALUES ('2861', '334', '西充县');
INSERT INTO `tb_city` VALUES ('2862', '335', '市中区');
INSERT INTO `tb_city` VALUES ('2863', '335', '东兴区');
INSERT INTO `tb_city` VALUES ('2864', '335', '威远县');
INSERT INTO `tb_city` VALUES ('2865', '335', '资中县');
INSERT INTO `tb_city` VALUES ('2866', '335', '隆昌县');
INSERT INTO `tb_city` VALUES ('2867', '336', '东  区');
INSERT INTO `tb_city` VALUES ('2868', '336', '西  区');
INSERT INTO `tb_city` VALUES ('2869', '336', '仁和区');
INSERT INTO `tb_city` VALUES ('2870', '336', '米易县');
INSERT INTO `tb_city` VALUES ('2871', '336', '盐边县');
INSERT INTO `tb_city` VALUES ('2872', '337', '船山区');
INSERT INTO `tb_city` VALUES ('2873', '337', '安居区');
INSERT INTO `tb_city` VALUES ('2874', '337', '蓬溪县');
INSERT INTO `tb_city` VALUES ('2875', '337', '射洪县');
INSERT INTO `tb_city` VALUES ('2876', '337', '大英县');
INSERT INTO `tb_city` VALUES ('2877', '338', '雨城区');
INSERT INTO `tb_city` VALUES ('2878', '338', '名山县');
INSERT INTO `tb_city` VALUES ('2879', '338', '荥经县');
INSERT INTO `tb_city` VALUES ('2880', '338', '汉源县');
INSERT INTO `tb_city` VALUES ('2881', '338', '石棉县');
INSERT INTO `tb_city` VALUES ('2882', '338', '天全县');
INSERT INTO `tb_city` VALUES ('2883', '338', '芦山县');
INSERT INTO `tb_city` VALUES ('2884', '338', '宝兴县');
INSERT INTO `tb_city` VALUES ('2885', '339', '翠屏区');
INSERT INTO `tb_city` VALUES ('2886', '339', '宜宾县');
INSERT INTO `tb_city` VALUES ('2887', '339', '南溪县');
INSERT INTO `tb_city` VALUES ('2888', '339', '江安县');
INSERT INTO `tb_city` VALUES ('2889', '339', '长宁县');
INSERT INTO `tb_city` VALUES ('2890', '339', '高县');
INSERT INTO `tb_city` VALUES ('2891', '339', '珙县');
INSERT INTO `tb_city` VALUES ('2892', '339', '筠连县');
INSERT INTO `tb_city` VALUES ('2893', '339', '兴文县');
INSERT INTO `tb_city` VALUES ('2894', '339', '屏山县');
INSERT INTO `tb_city` VALUES ('2895', '340', '雁江区');
INSERT INTO `tb_city` VALUES ('2896', '340', '简阳市');
INSERT INTO `tb_city` VALUES ('2897', '340', '安岳县');
INSERT INTO `tb_city` VALUES ('2898', '340', '乐至县');
INSERT INTO `tb_city` VALUES ('2899', '341', '大安区');
INSERT INTO `tb_city` VALUES ('2900', '341', '自流井区');
INSERT INTO `tb_city` VALUES ('2901', '341', '贡井区');
INSERT INTO `tb_city` VALUES ('2902', '341', '沿滩区');
INSERT INTO `tb_city` VALUES ('2903', '341', '荣县');
INSERT INTO `tb_city` VALUES ('2904', '341', '富顺县');
INSERT INTO `tb_city` VALUES ('2905', '342', '江阳区');
INSERT INTO `tb_city` VALUES ('2906', '342', '纳溪区');
INSERT INTO `tb_city` VALUES ('2907', '342', '龙马潭区');
INSERT INTO `tb_city` VALUES ('2908', '342', '泸县');
INSERT INTO `tb_city` VALUES ('2909', '342', '合江县');
INSERT INTO `tb_city` VALUES ('2910', '342', '叙永县');
INSERT INTO `tb_city` VALUES ('2911', '342', '古蔺县');
INSERT INTO `tb_city` VALUES ('2912', '343', '和平区');
INSERT INTO `tb_city` VALUES ('2913', '343', '河西区');
INSERT INTO `tb_city` VALUES ('2914', '343', '南开区');
INSERT INTO `tb_city` VALUES ('2915', '343', '河北区');
INSERT INTO `tb_city` VALUES ('2916', '343', '河东区');
INSERT INTO `tb_city` VALUES ('2917', '343', '红桥区');
INSERT INTO `tb_city` VALUES ('2918', '343', '东丽区');
INSERT INTO `tb_city` VALUES ('2919', '343', '津南区');
INSERT INTO `tb_city` VALUES ('2920', '343', '西青区');
INSERT INTO `tb_city` VALUES ('2921', '343', '北辰区');
INSERT INTO `tb_city` VALUES ('2922', '343', '塘沽区');
INSERT INTO `tb_city` VALUES ('2923', '343', '汉沽区');
INSERT INTO `tb_city` VALUES ('2924', '343', '大港区');
INSERT INTO `tb_city` VALUES ('2925', '343', '武清区');
INSERT INTO `tb_city` VALUES ('2926', '343', '宝坻区');
INSERT INTO `tb_city` VALUES ('2927', '343', '经济开发区');
INSERT INTO `tb_city` VALUES ('2928', '343', '宁河县');
INSERT INTO `tb_city` VALUES ('2929', '343', '静海县');
INSERT INTO `tb_city` VALUES ('2930', '343', '蓟县');
INSERT INTO `tb_city` VALUES ('2931', '344', '城关区');
INSERT INTO `tb_city` VALUES ('2932', '344', '林周县');
INSERT INTO `tb_city` VALUES ('2933', '344', '当雄县');
INSERT INTO `tb_city` VALUES ('2934', '344', '尼木县');
INSERT INTO `tb_city` VALUES ('2935', '344', '曲水县');
INSERT INTO `tb_city` VALUES ('2936', '344', '堆龙德庆县');
INSERT INTO `tb_city` VALUES ('2937', '344', '达孜县');
INSERT INTO `tb_city` VALUES ('2938', '344', '墨竹工卡县');
INSERT INTO `tb_city` VALUES ('2939', '345', '噶尔县');
INSERT INTO `tb_city` VALUES ('2940', '345', '普兰县');
INSERT INTO `tb_city` VALUES ('2941', '345', '札达县');
INSERT INTO `tb_city` VALUES ('2942', '345', '日土县');
INSERT INTO `tb_city` VALUES ('2943', '345', '革吉县');
INSERT INTO `tb_city` VALUES ('2944', '345', '改则县');
INSERT INTO `tb_city` VALUES ('2945', '345', '措勤县');
INSERT INTO `tb_city` VALUES ('2946', '346', '昌都县');
INSERT INTO `tb_city` VALUES ('2947', '346', '江达县');
INSERT INTO `tb_city` VALUES ('2948', '346', '贡觉县');
INSERT INTO `tb_city` VALUES ('2949', '346', '类乌齐县');
INSERT INTO `tb_city` VALUES ('2950', '346', '丁青县');
INSERT INTO `tb_city` VALUES ('2951', '346', '察雅县');
INSERT INTO `tb_city` VALUES ('2952', '346', '八宿县');
INSERT INTO `tb_city` VALUES ('2953', '346', '左贡县');
INSERT INTO `tb_city` VALUES ('2954', '346', '芒康县');
INSERT INTO `tb_city` VALUES ('2955', '346', '洛隆县');
INSERT INTO `tb_city` VALUES ('2956', '346', '边坝县');
INSERT INTO `tb_city` VALUES ('2957', '347', '林芝县');
INSERT INTO `tb_city` VALUES ('2958', '347', '工布江达县');
INSERT INTO `tb_city` VALUES ('2959', '347', '米林县');
INSERT INTO `tb_city` VALUES ('2960', '347', '墨脱县');
INSERT INTO `tb_city` VALUES ('2961', '347', '波密县');
INSERT INTO `tb_city` VALUES ('2962', '347', '察隅县');
INSERT INTO `tb_city` VALUES ('2963', '347', '朗县');
INSERT INTO `tb_city` VALUES ('2964', '348', '那曲县');
INSERT INTO `tb_city` VALUES ('2965', '348', '嘉黎县');
INSERT INTO `tb_city` VALUES ('2966', '348', '比如县');
INSERT INTO `tb_city` VALUES ('2967', '348', '聂荣县');
INSERT INTO `tb_city` VALUES ('2968', '348', '安多县');
INSERT INTO `tb_city` VALUES ('2969', '348', '申扎县');
INSERT INTO `tb_city` VALUES ('2970', '348', '索县');
INSERT INTO `tb_city` VALUES ('2971', '348', '班戈县');
INSERT INTO `tb_city` VALUES ('2972', '348', '巴青县');
INSERT INTO `tb_city` VALUES ('2973', '348', '尼玛县');
INSERT INTO `tb_city` VALUES ('2974', '349', '日喀则市');
INSERT INTO `tb_city` VALUES ('2975', '349', '南木林县');
INSERT INTO `tb_city` VALUES ('2976', '349', '江孜县');
INSERT INTO `tb_city` VALUES ('2977', '349', '定日县');
INSERT INTO `tb_city` VALUES ('2978', '349', '萨迦县');
INSERT INTO `tb_city` VALUES ('2979', '349', '拉孜县');
INSERT INTO `tb_city` VALUES ('2980', '349', '昂仁县');
INSERT INTO `tb_city` VALUES ('2981', '349', '谢通门县');
INSERT INTO `tb_city` VALUES ('2982', '349', '白朗县');
INSERT INTO `tb_city` VALUES ('2983', '349', '仁布县');
INSERT INTO `tb_city` VALUES ('2984', '349', '康马县');
INSERT INTO `tb_city` VALUES ('2985', '349', '定结县');
INSERT INTO `tb_city` VALUES ('2986', '349', '仲巴县');
INSERT INTO `tb_city` VALUES ('2987', '349', '亚东县');
INSERT INTO `tb_city` VALUES ('2988', '349', '吉隆县');
INSERT INTO `tb_city` VALUES ('2989', '349', '聂拉木县');
INSERT INTO `tb_city` VALUES ('2990', '349', '萨嘎县');
INSERT INTO `tb_city` VALUES ('2991', '349', '岗巴县');
INSERT INTO `tb_city` VALUES ('2992', '350', '乃东县');
INSERT INTO `tb_city` VALUES ('2993', '350', '扎囊县');
INSERT INTO `tb_city` VALUES ('2994', '350', '贡嘎县');
INSERT INTO `tb_city` VALUES ('2995', '350', '桑日县');
INSERT INTO `tb_city` VALUES ('2996', '350', '琼结县');
INSERT INTO `tb_city` VALUES ('2997', '350', '曲松县');
INSERT INTO `tb_city` VALUES ('2998', '350', '措美县');
INSERT INTO `tb_city` VALUES ('2999', '350', '洛扎县');
INSERT INTO `tb_city` VALUES ('3000', '350', '加查县');
INSERT INTO `tb_city` VALUES ('3001', '350', '隆子县');
INSERT INTO `tb_city` VALUES ('3002', '350', '错那县');
INSERT INTO `tb_city` VALUES ('3003', '350', '浪卡子县');
INSERT INTO `tb_city` VALUES ('3004', '351', '天山区');
INSERT INTO `tb_city` VALUES ('3005', '351', '沙依巴克区');
INSERT INTO `tb_city` VALUES ('3006', '351', '新市区');
INSERT INTO `tb_city` VALUES ('3007', '351', '水磨沟区');
INSERT INTO `tb_city` VALUES ('3008', '351', '头屯河区');
INSERT INTO `tb_city` VALUES ('3009', '351', '达坂城区');
INSERT INTO `tb_city` VALUES ('3010', '351', '米东区');
INSERT INTO `tb_city` VALUES ('3011', '351', '乌鲁木齐县');
INSERT INTO `tb_city` VALUES ('3012', '352', '阿克苏市');
INSERT INTO `tb_city` VALUES ('3013', '352', '温宿县');
INSERT INTO `tb_city` VALUES ('3014', '352', '库车县');
INSERT INTO `tb_city` VALUES ('3015', '352', '沙雅县');
INSERT INTO `tb_city` VALUES ('3016', '352', '新和县');
INSERT INTO `tb_city` VALUES ('3017', '352', '拜城县');
INSERT INTO `tb_city` VALUES ('3018', '352', '乌什县');
INSERT INTO `tb_city` VALUES ('3019', '352', '阿瓦提县');
INSERT INTO `tb_city` VALUES ('3020', '352', '柯坪县');
INSERT INTO `tb_city` VALUES ('3021', '353', '阿拉尔市');
INSERT INTO `tb_city` VALUES ('3022', '354', '库尔勒市');
INSERT INTO `tb_city` VALUES ('3023', '354', '轮台县');
INSERT INTO `tb_city` VALUES ('3024', '354', '尉犁县');
INSERT INTO `tb_city` VALUES ('3025', '354', '若羌县');
INSERT INTO `tb_city` VALUES ('3026', '354', '且末县');
INSERT INTO `tb_city` VALUES ('3027', '354', '焉耆');
INSERT INTO `tb_city` VALUES ('3028', '354', '和静县');
INSERT INTO `tb_city` VALUES ('3029', '354', '和硕县');
INSERT INTO `tb_city` VALUES ('3030', '354', '博湖县');
INSERT INTO `tb_city` VALUES ('3031', '355', '博乐市');
INSERT INTO `tb_city` VALUES ('3032', '355', '精河县');
INSERT INTO `tb_city` VALUES ('3033', '355', '温泉县');
INSERT INTO `tb_city` VALUES ('3034', '356', '呼图壁县');
INSERT INTO `tb_city` VALUES ('3035', '356', '米泉市');
INSERT INTO `tb_city` VALUES ('3036', '356', '昌吉市');
INSERT INTO `tb_city` VALUES ('3037', '356', '阜康市');
INSERT INTO `tb_city` VALUES ('3038', '356', '玛纳斯县');
INSERT INTO `tb_city` VALUES ('3039', '356', '奇台县');
INSERT INTO `tb_city` VALUES ('3040', '356', '吉木萨尔县');
INSERT INTO `tb_city` VALUES ('3041', '356', '木垒');
INSERT INTO `tb_city` VALUES ('3042', '357', '哈密市');
INSERT INTO `tb_city` VALUES ('3043', '357', '伊吾县');
INSERT INTO `tb_city` VALUES ('3044', '357', '巴里坤');
INSERT INTO `tb_city` VALUES ('3045', '358', '和田市');
INSERT INTO `tb_city` VALUES ('3046', '358', '和田县');
INSERT INTO `tb_city` VALUES ('3047', '358', '墨玉县');
INSERT INTO `tb_city` VALUES ('3048', '358', '皮山县');
INSERT INTO `tb_city` VALUES ('3049', '358', '洛浦县');
INSERT INTO `tb_city` VALUES ('3050', '358', '策勒县');
INSERT INTO `tb_city` VALUES ('3051', '358', '于田县');
INSERT INTO `tb_city` VALUES ('3052', '358', '民丰县');
INSERT INTO `tb_city` VALUES ('3053', '359', '喀什市');
INSERT INTO `tb_city` VALUES ('3054', '359', '疏附县');
INSERT INTO `tb_city` VALUES ('3055', '359', '疏勒县');
INSERT INTO `tb_city` VALUES ('3056', '359', '英吉沙县');
INSERT INTO `tb_city` VALUES ('3057', '359', '泽普县');
INSERT INTO `tb_city` VALUES ('3058', '359', '莎车县');
INSERT INTO `tb_city` VALUES ('3059', '359', '叶城县');
INSERT INTO `tb_city` VALUES ('3060', '359', '麦盖提县');
INSERT INTO `tb_city` VALUES ('3061', '359', '岳普湖县');
INSERT INTO `tb_city` VALUES ('3062', '359', '伽师县');
INSERT INTO `tb_city` VALUES ('3063', '359', '巴楚县');
INSERT INTO `tb_city` VALUES ('3064', '359', '塔什库尔干');
INSERT INTO `tb_city` VALUES ('3065', '360', '克拉玛依市');
INSERT INTO `tb_city` VALUES ('3066', '361', '阿图什市');
INSERT INTO `tb_city` VALUES ('3067', '361', '阿克陶县');
INSERT INTO `tb_city` VALUES ('3068', '361', '阿合奇县');
INSERT INTO `tb_city` VALUES ('3069', '361', '乌恰县');
INSERT INTO `tb_city` VALUES ('3070', '362', '石河子市');
INSERT INTO `tb_city` VALUES ('3071', '363', '图木舒克市');
INSERT INTO `tb_city` VALUES ('3072', '364', '吐鲁番市');
INSERT INTO `tb_city` VALUES ('3073', '364', '鄯善县');
INSERT INTO `tb_city` VALUES ('3074', '364', '托克逊县');
INSERT INTO `tb_city` VALUES ('3075', '365', '五家渠市');
INSERT INTO `tb_city` VALUES ('3076', '366', '阿勒泰市');
INSERT INTO `tb_city` VALUES ('3077', '366', '布克赛尔');
INSERT INTO `tb_city` VALUES ('3078', '366', '伊宁市');
INSERT INTO `tb_city` VALUES ('3079', '366', '布尔津县');
INSERT INTO `tb_city` VALUES ('3080', '366', '奎屯市');
INSERT INTO `tb_city` VALUES ('3081', '366', '乌苏市');
INSERT INTO `tb_city` VALUES ('3082', '366', '额敏县');
INSERT INTO `tb_city` VALUES ('3083', '366', '富蕴县');
INSERT INTO `tb_city` VALUES ('3084', '366', '伊宁县');
INSERT INTO `tb_city` VALUES ('3085', '366', '福海县');
INSERT INTO `tb_city` VALUES ('3086', '366', '霍城县');
INSERT INTO `tb_city` VALUES ('3087', '366', '沙湾县');
INSERT INTO `tb_city` VALUES ('3088', '366', '巩留县');
INSERT INTO `tb_city` VALUES ('3089', '366', '哈巴河县');
INSERT INTO `tb_city` VALUES ('3090', '366', '托里县');
INSERT INTO `tb_city` VALUES ('3091', '366', '青河县');
INSERT INTO `tb_city` VALUES ('3092', '366', '新源县');
INSERT INTO `tb_city` VALUES ('3093', '366', '裕民县');
INSERT INTO `tb_city` VALUES ('3094', '366', '和布克赛尔');
INSERT INTO `tb_city` VALUES ('3095', '366', '吉木乃县');
INSERT INTO `tb_city` VALUES ('3096', '366', '昭苏县');
INSERT INTO `tb_city` VALUES ('3097', '366', '特克斯县');
INSERT INTO `tb_city` VALUES ('3098', '366', '尼勒克县');
INSERT INTO `tb_city` VALUES ('3099', '366', '察布查尔');
INSERT INTO `tb_city` VALUES ('3100', '367', '盘龙区');
INSERT INTO `tb_city` VALUES ('3101', '367', '五华区');
INSERT INTO `tb_city` VALUES ('3102', '367', '官渡区');
INSERT INTO `tb_city` VALUES ('3103', '367', '西山区');
INSERT INTO `tb_city` VALUES ('3104', '367', '东川区');
INSERT INTO `tb_city` VALUES ('3105', '367', '安宁市');
INSERT INTO `tb_city` VALUES ('3106', '367', '呈贡县');
INSERT INTO `tb_city` VALUES ('3107', '367', '晋宁县');
INSERT INTO `tb_city` VALUES ('3108', '367', '富民县');
INSERT INTO `tb_city` VALUES ('3109', '367', '宜良县');
INSERT INTO `tb_city` VALUES ('3110', '367', '嵩明县');
INSERT INTO `tb_city` VALUES ('3111', '367', '石林县');
INSERT INTO `tb_city` VALUES ('3112', '367', '禄劝');
INSERT INTO `tb_city` VALUES ('3113', '367', '寻甸');
INSERT INTO `tb_city` VALUES ('3114', '368', '兰坪');
INSERT INTO `tb_city` VALUES ('3115', '368', '泸水县');
INSERT INTO `tb_city` VALUES ('3116', '368', '福贡县');
INSERT INTO `tb_city` VALUES ('3117', '368', '贡山');
INSERT INTO `tb_city` VALUES ('3118', '369', '宁洱');
INSERT INTO `tb_city` VALUES ('3119', '369', '思茅区');
INSERT INTO `tb_city` VALUES ('3120', '369', '墨江');
INSERT INTO `tb_city` VALUES ('3121', '369', '景东');
INSERT INTO `tb_city` VALUES ('3122', '369', '景谷');
INSERT INTO `tb_city` VALUES ('3123', '369', '镇沅');
INSERT INTO `tb_city` VALUES ('3124', '369', '江城');
INSERT INTO `tb_city` VALUES ('3125', '369', '孟连');
INSERT INTO `tb_city` VALUES ('3126', '369', '澜沧');
INSERT INTO `tb_city` VALUES ('3127', '369', '西盟');
INSERT INTO `tb_city` VALUES ('3128', '370', '古城区');
INSERT INTO `tb_city` VALUES ('3129', '370', '宁蒗');
INSERT INTO `tb_city` VALUES ('3130', '370', '玉龙');
INSERT INTO `tb_city` VALUES ('3131', '370', '永胜县');
INSERT INTO `tb_city` VALUES ('3132', '370', '华坪县');
INSERT INTO `tb_city` VALUES ('3133', '371', '隆阳区');
INSERT INTO `tb_city` VALUES ('3134', '371', '施甸县');
INSERT INTO `tb_city` VALUES ('3135', '371', '腾冲县');
INSERT INTO `tb_city` VALUES ('3136', '371', '龙陵县');
INSERT INTO `tb_city` VALUES ('3137', '371', '昌宁县');
INSERT INTO `tb_city` VALUES ('3138', '372', '楚雄市');
INSERT INTO `tb_city` VALUES ('3139', '372', '双柏县');
INSERT INTO `tb_city` VALUES ('3140', '372', '牟定县');
INSERT INTO `tb_city` VALUES ('3141', '372', '南华县');
INSERT INTO `tb_city` VALUES ('3142', '372', '姚安县');
INSERT INTO `tb_city` VALUES ('3143', '372', '大姚县');
INSERT INTO `tb_city` VALUES ('3144', '372', '永仁县');
INSERT INTO `tb_city` VALUES ('3145', '372', '元谋县');
INSERT INTO `tb_city` VALUES ('3146', '372', '武定县');
INSERT INTO `tb_city` VALUES ('3147', '372', '禄丰县');
INSERT INTO `tb_city` VALUES ('3148', '373', '大理市');
INSERT INTO `tb_city` VALUES ('3149', '373', '祥云县');
INSERT INTO `tb_city` VALUES ('3150', '373', '宾川县');
INSERT INTO `tb_city` VALUES ('3151', '373', '弥渡县');
INSERT INTO `tb_city` VALUES ('3152', '373', '永平县');
INSERT INTO `tb_city` VALUES ('3153', '373', '云龙县');
INSERT INTO `tb_city` VALUES ('3154', '373', '洱源县');
INSERT INTO `tb_city` VALUES ('3155', '373', '剑川县');
INSERT INTO `tb_city` VALUES ('3156', '373', '鹤庆县');
INSERT INTO `tb_city` VALUES ('3157', '373', '漾濞');
INSERT INTO `tb_city` VALUES ('3158', '373', '南涧');
INSERT INTO `tb_city` VALUES ('3159', '373', '巍山');
INSERT INTO `tb_city` VALUES ('3160', '374', '潞西市');
INSERT INTO `tb_city` VALUES ('3161', '374', '瑞丽市');
INSERT INTO `tb_city` VALUES ('3162', '374', '梁河县');
INSERT INTO `tb_city` VALUES ('3163', '374', '盈江县');
INSERT INTO `tb_city` VALUES ('3164', '374', '陇川县');
INSERT INTO `tb_city` VALUES ('3165', '375', '香格里拉县');
INSERT INTO `tb_city` VALUES ('3166', '375', '德钦县');
INSERT INTO `tb_city` VALUES ('3167', '375', '维西');
INSERT INTO `tb_city` VALUES ('3168', '376', '泸西县');
INSERT INTO `tb_city` VALUES ('3169', '376', '蒙自县');
INSERT INTO `tb_city` VALUES ('3170', '376', '个旧市');
INSERT INTO `tb_city` VALUES ('3171', '376', '开远市');
INSERT INTO `tb_city` VALUES ('3172', '376', '绿春县');
INSERT INTO `tb_city` VALUES ('3173', '376', '建水县');
INSERT INTO `tb_city` VALUES ('3174', '376', '石屏县');
INSERT INTO `tb_city` VALUES ('3175', '376', '弥勒县');
INSERT INTO `tb_city` VALUES ('3176', '376', '元阳县');
INSERT INTO `tb_city` VALUES ('3177', '376', '红河县');
INSERT INTO `tb_city` VALUES ('3178', '376', '金平');
INSERT INTO `tb_city` VALUES ('3179', '376', '河口');
INSERT INTO `tb_city` VALUES ('3180', '376', '屏边');
INSERT INTO `tb_city` VALUES ('3181', '377', '临翔区');
INSERT INTO `tb_city` VALUES ('3182', '377', '凤庆县');
INSERT INTO `tb_city` VALUES ('3183', '377', '云县');
INSERT INTO `tb_city` VALUES ('3184', '377', '永德县');
INSERT INTO `tb_city` VALUES ('3185', '377', '镇康县');
INSERT INTO `tb_city` VALUES ('3186', '377', '双江');
INSERT INTO `tb_city` VALUES ('3187', '377', '耿马');
INSERT INTO `tb_city` VALUES ('3188', '377', '沧源');
INSERT INTO `tb_city` VALUES ('3189', '378', '麒麟区');
INSERT INTO `tb_city` VALUES ('3190', '378', '宣威市');
INSERT INTO `tb_city` VALUES ('3191', '378', '马龙县');
INSERT INTO `tb_city` VALUES ('3192', '378', '陆良县');
INSERT INTO `tb_city` VALUES ('3193', '378', '师宗县');
INSERT INTO `tb_city` VALUES ('3194', '378', '罗平县');
INSERT INTO `tb_city` VALUES ('3195', '378', '富源县');
INSERT INTO `tb_city` VALUES ('3196', '378', '会泽县');
INSERT INTO `tb_city` VALUES ('3197', '378', '沾益县');
INSERT INTO `tb_city` VALUES ('3198', '379', '文山县');
INSERT INTO `tb_city` VALUES ('3199', '379', '砚山县');
INSERT INTO `tb_city` VALUES ('3200', '379', '西畴县');
INSERT INTO `tb_city` VALUES ('3201', '379', '麻栗坡县');
INSERT INTO `tb_city` VALUES ('3202', '379', '马关县');
INSERT INTO `tb_city` VALUES ('3203', '379', '丘北县');
INSERT INTO `tb_city` VALUES ('3204', '379', '广南县');
INSERT INTO `tb_city` VALUES ('3205', '379', '富宁县');
INSERT INTO `tb_city` VALUES ('3206', '380', '景洪市');
INSERT INTO `tb_city` VALUES ('3207', '380', '勐海县');
INSERT INTO `tb_city` VALUES ('3208', '380', '勐腊县');
INSERT INTO `tb_city` VALUES ('3209', '381', '红塔区');
INSERT INTO `tb_city` VALUES ('3210', '381', '江川县');
INSERT INTO `tb_city` VALUES ('3211', '381', '澄江县');
INSERT INTO `tb_city` VALUES ('3212', '381', '通海县');
INSERT INTO `tb_city` VALUES ('3213', '381', '华宁县');
INSERT INTO `tb_city` VALUES ('3214', '381', '易门县');
INSERT INTO `tb_city` VALUES ('3215', '381', '峨山');
INSERT INTO `tb_city` VALUES ('3216', '381', '新平');
INSERT INTO `tb_city` VALUES ('3217', '381', '元江');
INSERT INTO `tb_city` VALUES ('3218', '382', '昭阳区');
INSERT INTO `tb_city` VALUES ('3219', '382', '鲁甸县');
INSERT INTO `tb_city` VALUES ('3220', '382', '巧家县');
INSERT INTO `tb_city` VALUES ('3221', '382', '盐津县');
INSERT INTO `tb_city` VALUES ('3222', '382', '大关县');
INSERT INTO `tb_city` VALUES ('3223', '382', '永善县');
INSERT INTO `tb_city` VALUES ('3224', '382', '绥江县');
INSERT INTO `tb_city` VALUES ('3225', '382', '镇雄县');
INSERT INTO `tb_city` VALUES ('3226', '382', '彝良县');
INSERT INTO `tb_city` VALUES ('3227', '382', '威信县');
INSERT INTO `tb_city` VALUES ('3228', '382', '水富县');
INSERT INTO `tb_city` VALUES ('3229', '383', '西湖区');
INSERT INTO `tb_city` VALUES ('3230', '383', '上城区');
INSERT INTO `tb_city` VALUES ('3231', '383', '下城区');
INSERT INTO `tb_city` VALUES ('3232', '383', '拱墅区');
INSERT INTO `tb_city` VALUES ('3233', '383', '滨江区');
INSERT INTO `tb_city` VALUES ('3234', '383', '江干区');
INSERT INTO `tb_city` VALUES ('3235', '383', '萧山区');
INSERT INTO `tb_city` VALUES ('3236', '383', '余杭区');
INSERT INTO `tb_city` VALUES ('3237', '383', '市郊');
INSERT INTO `tb_city` VALUES ('3238', '383', '建德市');
INSERT INTO `tb_city` VALUES ('3239', '383', '富阳市');
INSERT INTO `tb_city` VALUES ('3240', '383', '临安市');
INSERT INTO `tb_city` VALUES ('3241', '383', '桐庐县');
INSERT INTO `tb_city` VALUES ('3242', '383', '淳安县');
INSERT INTO `tb_city` VALUES ('3243', '384', '吴兴区');
INSERT INTO `tb_city` VALUES ('3244', '384', '南浔区');
INSERT INTO `tb_city` VALUES ('3245', '384', '德清县');
INSERT INTO `tb_city` VALUES ('3246', '384', '长兴县');
INSERT INTO `tb_city` VALUES ('3247', '384', '安吉县');
INSERT INTO `tb_city` VALUES ('3248', '385', '南湖区');
INSERT INTO `tb_city` VALUES ('3249', '385', '秀洲区');
INSERT INTO `tb_city` VALUES ('3250', '385', '海宁市');
INSERT INTO `tb_city` VALUES ('3251', '385', '嘉善县');
INSERT INTO `tb_city` VALUES ('3252', '385', '平湖市');
INSERT INTO `tb_city` VALUES ('3253', '385', '桐乡市');
INSERT INTO `tb_city` VALUES ('3254', '385', '海盐县');
INSERT INTO `tb_city` VALUES ('3255', '386', '婺城区');
INSERT INTO `tb_city` VALUES ('3256', '386', '金东区');
INSERT INTO `tb_city` VALUES ('3257', '386', '兰溪市');
INSERT INTO `tb_city` VALUES ('3258', '386', '市区');
INSERT INTO `tb_city` VALUES ('3259', '386', '佛堂镇');
INSERT INTO `tb_city` VALUES ('3260', '386', '上溪镇');
INSERT INTO `tb_city` VALUES ('3261', '386', '义亭镇');
INSERT INTO `tb_city` VALUES ('3262', '386', '大陈镇');
INSERT INTO `tb_city` VALUES ('3263', '386', '苏溪镇');
INSERT INTO `tb_city` VALUES ('3264', '386', '赤岸镇');
INSERT INTO `tb_city` VALUES ('3265', '386', '东阳市');
INSERT INTO `tb_city` VALUES ('3266', '386', '永康市');
INSERT INTO `tb_city` VALUES ('3267', '386', '武义县');
INSERT INTO `tb_city` VALUES ('3268', '386', '浦江县');
INSERT INTO `tb_city` VALUES ('3269', '386', '磐安县');
INSERT INTO `tb_city` VALUES ('3270', '387', '莲都区');
INSERT INTO `tb_city` VALUES ('3271', '387', '龙泉市');
INSERT INTO `tb_city` VALUES ('3272', '387', '青田县');
INSERT INTO `tb_city` VALUES ('3273', '387', '缙云县');
INSERT INTO `tb_city` VALUES ('3274', '387', '遂昌县');
INSERT INTO `tb_city` VALUES ('3275', '387', '松阳县');
INSERT INTO `tb_city` VALUES ('3276', '387', '云和县');
INSERT INTO `tb_city` VALUES ('3277', '387', '庆元县');
INSERT INTO `tb_city` VALUES ('3278', '387', '景宁');
INSERT INTO `tb_city` VALUES ('3279', '388', '海曙区');
INSERT INTO `tb_city` VALUES ('3280', '388', '江东区');
INSERT INTO `tb_city` VALUES ('3281', '388', '江北区');
INSERT INTO `tb_city` VALUES ('3282', '388', '镇海区');
INSERT INTO `tb_city` VALUES ('3283', '388', '北仑区');
INSERT INTO `tb_city` VALUES ('3284', '388', '鄞州区');
INSERT INTO `tb_city` VALUES ('3285', '388', '余姚市');
INSERT INTO `tb_city` VALUES ('3286', '388', '慈溪市');
INSERT INTO `tb_city` VALUES ('3287', '388', '奉化市');
INSERT INTO `tb_city` VALUES ('3288', '388', '象山县');
INSERT INTO `tb_city` VALUES ('3289', '388', '宁海县');
INSERT INTO `tb_city` VALUES ('3290', '389', '越城区');
INSERT INTO `tb_city` VALUES ('3291', '389', '上虞市');
INSERT INTO `tb_city` VALUES ('3292', '389', '嵊州市');
INSERT INTO `tb_city` VALUES ('3293', '389', '绍兴县');
INSERT INTO `tb_city` VALUES ('3294', '389', '新昌县');
INSERT INTO `tb_city` VALUES ('3295', '389', '诸暨市');
INSERT INTO `tb_city` VALUES ('3296', '390', '椒江区');
INSERT INTO `tb_city` VALUES ('3297', '390', '黄岩区');
INSERT INTO `tb_city` VALUES ('3298', '390', '路桥区');
INSERT INTO `tb_city` VALUES ('3299', '390', '温岭市');
INSERT INTO `tb_city` VALUES ('3300', '390', '临海市');
INSERT INTO `tb_city` VALUES ('3301', '390', '玉环县');
INSERT INTO `tb_city` VALUES ('3302', '390', '三门县');
INSERT INTO `tb_city` VALUES ('3303', '390', '天台县');
INSERT INTO `tb_city` VALUES ('3304', '390', '仙居县');
INSERT INTO `tb_city` VALUES ('3305', '391', '鹿城区');
INSERT INTO `tb_city` VALUES ('3306', '391', '龙湾区');
INSERT INTO `tb_city` VALUES ('3307', '391', '瓯海区');
INSERT INTO `tb_city` VALUES ('3308', '391', '瑞安市');
INSERT INTO `tb_city` VALUES ('3309', '391', '乐清市');
INSERT INTO `tb_city` VALUES ('3310', '391', '洞头县');
INSERT INTO `tb_city` VALUES ('3311', '391', '永嘉县');
INSERT INTO `tb_city` VALUES ('3312', '391', '平阳县');
INSERT INTO `tb_city` VALUES ('3313', '391', '苍南县');
INSERT INTO `tb_city` VALUES ('3314', '391', '文成县');
INSERT INTO `tb_city` VALUES ('3315', '391', '泰顺县');
INSERT INTO `tb_city` VALUES ('3316', '392', '定海区');
INSERT INTO `tb_city` VALUES ('3317', '392', '普陀区');
INSERT INTO `tb_city` VALUES ('3318', '392', '岱山县');
INSERT INTO `tb_city` VALUES ('3319', '392', '嵊泗县');
INSERT INTO `tb_city` VALUES ('3320', '393', '衢州市');
INSERT INTO `tb_city` VALUES ('3321', '393', '江山市');
INSERT INTO `tb_city` VALUES ('3322', '393', '常山县');
INSERT INTO `tb_city` VALUES ('3323', '393', '开化县');
INSERT INTO `tb_city` VALUES ('3324', '393', '龙游县');
INSERT INTO `tb_city` VALUES ('3325', '394', '合川区');
INSERT INTO `tb_city` VALUES ('3326', '394', '江津区');
INSERT INTO `tb_city` VALUES ('3327', '394', '南川区');
INSERT INTO `tb_city` VALUES ('3328', '394', '永川区');
INSERT INTO `tb_city` VALUES ('3329', '394', '南岸区');
INSERT INTO `tb_city` VALUES ('3330', '394', '渝北区');
INSERT INTO `tb_city` VALUES ('3331', '394', '万盛区');
INSERT INTO `tb_city` VALUES ('3332', '394', '大渡口区');
INSERT INTO `tb_city` VALUES ('3333', '394', '万州区');
INSERT INTO `tb_city` VALUES ('3334', '394', '北碚区');
INSERT INTO `tb_city` VALUES ('3335', '394', '沙坪坝区');
INSERT INTO `tb_city` VALUES ('3336', '394', '巴南区');
INSERT INTO `tb_city` VALUES ('3337', '394', '涪陵区');
INSERT INTO `tb_city` VALUES ('3338', '394', '江北区');
INSERT INTO `tb_city` VALUES ('3339', '394', '九龙坡区');
INSERT INTO `tb_city` VALUES ('3340', '394', '渝中区');
INSERT INTO `tb_city` VALUES ('3341', '394', '黔江开发区');
INSERT INTO `tb_city` VALUES ('3342', '394', '长寿区');
INSERT INTO `tb_city` VALUES ('3343', '394', '双桥区');
INSERT INTO `tb_city` VALUES ('3344', '394', '綦江县');
INSERT INTO `tb_city` VALUES ('3345', '394', '潼南县');
INSERT INTO `tb_city` VALUES ('3346', '394', '铜梁县');
INSERT INTO `tb_city` VALUES ('3347', '394', '大足县');
INSERT INTO `tb_city` VALUES ('3348', '394', '荣昌县');
INSERT INTO `tb_city` VALUES ('3349', '394', '璧山县');
INSERT INTO `tb_city` VALUES ('3350', '394', '垫江县');
INSERT INTO `tb_city` VALUES ('3351', '394', '武隆县');
INSERT INTO `tb_city` VALUES ('3352', '394', '丰都县');
INSERT INTO `tb_city` VALUES ('3353', '394', '城口县');
INSERT INTO `tb_city` VALUES ('3354', '394', '梁平县');
INSERT INTO `tb_city` VALUES ('3355', '394', '开县');
INSERT INTO `tb_city` VALUES ('3356', '394', '巫溪县');
INSERT INTO `tb_city` VALUES ('3357', '394', '巫山县');
INSERT INTO `tb_city` VALUES ('3358', '394', '奉节县');
INSERT INTO `tb_city` VALUES ('3359', '394', '云阳县');
INSERT INTO `tb_city` VALUES ('3360', '394', '忠县');
INSERT INTO `tb_city` VALUES ('3361', '394', '石柱');
INSERT INTO `tb_city` VALUES ('3362', '394', '彭水');
INSERT INTO `tb_city` VALUES ('3363', '394', '酉阳');
INSERT INTO `tb_city` VALUES ('3364', '394', '秀山');
INSERT INTO `tb_city` VALUES ('3365', '395', '沙田区');
INSERT INTO `tb_city` VALUES ('3366', '395', '东区');
INSERT INTO `tb_city` VALUES ('3367', '395', '观塘区');
INSERT INTO `tb_city` VALUES ('3368', '395', '黄大仙区');
INSERT INTO `tb_city` VALUES ('3369', '395', '九龙城区');
INSERT INTO `tb_city` VALUES ('3370', '395', '屯门区');
INSERT INTO `tb_city` VALUES ('3371', '395', '葵青区');
INSERT INTO `tb_city` VALUES ('3372', '395', '元朗区');
INSERT INTO `tb_city` VALUES ('3373', '395', '深水埗区');
INSERT INTO `tb_city` VALUES ('3374', '395', '西贡区');
INSERT INTO `tb_city` VALUES ('3375', '395', '大埔区');
INSERT INTO `tb_city` VALUES ('3376', '395', '湾仔区');
INSERT INTO `tb_city` VALUES ('3377', '395', '油尖旺区');
INSERT INTO `tb_city` VALUES ('3378', '395', '北区');
INSERT INTO `tb_city` VALUES ('3379', '395', '南区');
INSERT INTO `tb_city` VALUES ('3380', '395', '荃湾区');
INSERT INTO `tb_city` VALUES ('3381', '395', '中西区');
INSERT INTO `tb_city` VALUES ('3382', '395', '离岛区');
INSERT INTO `tb_city` VALUES ('3383', '396', '澳门');
INSERT INTO `tb_city` VALUES ('3384', '397', '台北');
INSERT INTO `tb_city` VALUES ('3385', '397', '高雄');
INSERT INTO `tb_city` VALUES ('3386', '397', '基隆');
INSERT INTO `tb_city` VALUES ('3387', '397', '台中');
INSERT INTO `tb_city` VALUES ('3388', '397', '台南');
INSERT INTO `tb_city` VALUES ('3389', '397', '新竹');
INSERT INTO `tb_city` VALUES ('3390', '397', '嘉义');
INSERT INTO `tb_city` VALUES ('3391', '397', '宜兰县');
INSERT INTO `tb_city` VALUES ('3392', '397', '桃园县');
INSERT INTO `tb_city` VALUES ('3393', '397', '苗栗县');
INSERT INTO `tb_city` VALUES ('3394', '397', '彰化县');
INSERT INTO `tb_city` VALUES ('3395', '397', '南投县');
INSERT INTO `tb_city` VALUES ('3396', '397', '云林县');
INSERT INTO `tb_city` VALUES ('3397', '397', '屏东县');
INSERT INTO `tb_city` VALUES ('3398', '397', '台东县');
INSERT INTO `tb_city` VALUES ('3399', '397', '花莲县');
INSERT INTO `tb_city` VALUES ('3400', '397', '澎湖县');
INSERT INTO `tb_city` VALUES ('3401', '3', '合肥');
INSERT INTO `tb_city` VALUES ('3402', '3401', '庐阳区');
INSERT INTO `tb_city` VALUES ('3403', '3401', '瑶海区');
INSERT INTO `tb_city` VALUES ('3404', '3401', '蜀山区');
INSERT INTO `tb_city` VALUES ('3405', '3401', '包河区');
INSERT INTO `tb_city` VALUES ('3406', '3401', '长丰县');
INSERT INTO `tb_city` VALUES ('3407', '3401', '肥东县');
INSERT INTO `tb_city` VALUES ('3408', '3401', '肥西县');

-- ----------------------------
-- Table structure for tb_exam
-- ----------------------------
DROP TABLE IF EXISTS `tb_exam`;
CREATE TABLE `tb_exam` (
  `examid` bigint(20) NOT NULL AUTO_INCREMENT,
  `ename` varchar(255) DEFAULT NULL,
  `etype` varchar(255) DEFAULT NULL,
  `efenzhi` double DEFAULT NULL,
  `testid` bigint(20) DEFAULT NULL,
  PRIMARY KEY (`examid`)
) ENGINE=InnoDB AUTO_INCREMENT=96 DEFAULT CHARSET=utf8;

-- ----------------------------
-- Records of tb_exam
-- ----------------------------
INSERT INTO `tb_exam` VALUES ('1', '奥巴马当了几届美国总统', '单选题', '5', '1');
INSERT INTO `tb_exam` VALUES ('2', '特朗普能连任吗', '判断题', '5', '1');
INSERT INTO `tb_exam` VALUES ('3', 'Java的三特征', '多选题', '5', '1');
INSERT INTO `tb_exam` VALUES ('4', 'Java之父是', '单选题', '3', '5');
INSERT INTO `tb_exam` VALUES ('5', 'Java的发行时间是', '单选题', '3', '5');
INSERT INTO `tb_exam` VALUES ('6', 'Java语言目前属于那个公司', '单选题', '3', '5');
INSERT INTO `tb_exam` VALUES ('7', 'Java开发者需要安排的java版本应该是', '单选题', '3', '5');
INSERT INTO `tb_exam` VALUES ('8', 'Java的基本数据类型int类型是几个字节', '单选题', '3', '5');
INSERT INTO `tb_exam` VALUES ('9', '一节字节占几个比特位', '单选题', '3', '5');
INSERT INTO `tb_exam` VALUES ('10', '在计算机内存中，二级制数据存储，最高位代表符号位，请问代表正数的是', '单选题', '3', '5');
INSERT INTO `tb_exam` VALUES ('11', 'Byte在占用几个字节', '单选题', '3', '5');
INSERT INTO `tb_exam` VALUES ('12', 'Char占用几个字节', '单选题', '3', '5');
INSERT INTO `tb_exam` VALUES ('13', 'Short占用几个字节', '单选题', '3', '5');
INSERT INTO `tb_exam` VALUES ('14', 'Long类型占用几个字节', '单选题', '3', '5');
INSERT INTO `tb_exam` VALUES ('15', 'float类型占用几个字节', '单选题', '3', '5');
INSERT INTO `tb_exam` VALUES ('16', 'double类型占用几个字节', '单选题', '3', '5');
INSERT INTO `tb_exam` VALUES ('17', '下面几种类型中，最大值最大的是', '单选题', '3', '5');
INSERT INTO `tb_exam` VALUES ('18', 'int类型的最大值是', '单选题', '3', '5');
INSERT INTO `tb_exam` VALUES ('19', 'int类型的最小值是', '单选题', '3', '5');
INSERT INTO `tb_exam` VALUES ('20', '在Java中如下三个变量，下面打印结果是为true的是\nString aaa = \"aaa\";\nString bbb = \"bbb\";\nString aaabbb = \"aaabbb\";', '单选题', '3', '5');
INSERT INTO `tb_exam` VALUES ('21', 'final String aaa = \"aaa\";\nfinal String bbb = \"bbb\";\nString aaabbb = \"aaabbb\";\nSystem.out.println(\"aaa\"+\"bbb\"==aaa+bbb);\nSystem.out.println(\"aaa\"+bbb==\"aaabbb\"); ', '单选题', '3', '5');
INSERT INTO `tb_exam` VALUES ('22', 'ArrayList初始化的底层数组默认数组是', '单选题', '3', '5');
INSERT INTO `tb_exam` VALUES ('23', '假如ArrayList目前的底层数组大小是20，下面说法正确的是', '单选题', '3', '5');
INSERT INTO `tb_exam` VALUES ('24', '在Java中如下三个变量，下面打印结果是为true的是\nString aaa = \"aaa\";\nString bbb = \"bbb\";\nString aaabbb = \"aaabbb\";', '多选题', '4', '5');
INSERT INTO `tb_exam` VALUES ('25', '关于stringbuffer和stringbuilder的说法正确的是', '多选题', '4', '5');
INSERT INTO `tb_exam` VALUES ('26', 'ArrayList和LinkedList的区别说法正确的是', '多选题', '4', '5');
INSERT INTO `tb_exam` VALUES ('27', '关于list和set的说法正确的是', '多选题', '4', '5');
INSERT INTO `tb_exam` VALUES ('28', '关于hashmap的说法正确的是', '多选题', '4', '5');
INSERT INTO `tb_exam` VALUES ('29', 'Java的组成部分', '多选题', '4', '5');
INSERT INTO `tb_exam` VALUES ('30', 'JDK包括', '多选题', '4', '5');
INSERT INTO `tb_exam` VALUES ('31', '关于boolean类型的长度说法正确的是', '多选题', '4', '5');
INSERT INTO `tb_exam` VALUES ('32', '关于数据类型下面说法正确的是', '判断题', '4', '5');
INSERT INTO `tb_exam` VALUES ('33', '关于数据类型的说法正确的是', '判断题', '4', '5');
INSERT INTO `tb_exam` VALUES ('34', 'ES6是哪一年发行的', '单选题', '5', '6');
INSERT INTO `tb_exam` VALUES ('35', '给函数参数设置默认初始值的说法正确的是', '多选题', '5', '6');
INSERT INTO `tb_exam` VALUES ('36', 'ES6是哪一年发行的', '单选题', '5', '7');
INSERT INTO `tb_exam` VALUES ('37', '给函数参数设置默认初始值的说法正确的是', '多选题', '5', '7');
INSERT INTO `tb_exam` VALUES ('38', 'java之父谁', '填空题', '5', '7');
INSERT INTO `tb_exam` VALUES ('39', 'java的三大特征分别是', '问答题', '10', '7');
INSERT INTO `tb_exam` VALUES ('40', 'ES6是哪一年发行的', '单选题', '5', '8');
INSERT INTO `tb_exam` VALUES ('41', '给函数参数设置默认初始值的说法正确的是', '多选题', '5', '8');
INSERT INTO `tb_exam` VALUES ('42', 'java之父谁', '填空题', '5', '8');
INSERT INTO `tb_exam` VALUES ('43', 'java的三大特征分别是', '问答题', '10', '8');
INSERT INTO `tb_exam` VALUES ('44', '给函数参数设置默认初始值的说法正确的是', '多选题', '5', '9');
INSERT INTO `tb_exam` VALUES ('45', '你好不好', '单选题', '4', '9');
INSERT INTO `tb_exam` VALUES ('46', '你好棒', '判断题', '4', '9');
INSERT INTO `tb_exam` VALUES ('47', '给函数参数设置默认初始值的说法正确的是', '多选题', '5', '10');
INSERT INTO `tb_exam` VALUES ('48', '你好不好', '单选题', '4', '10');
INSERT INTO `tb_exam` VALUES ('49', '你好棒', '判断题', '4', '10');
INSERT INTO `tb_exam` VALUES ('50', 'jQuery中如何实现表单序列化', '单选题', '2', '11');
INSERT INTO `tb_exam` VALUES ('51', 'Mybatis中定义属性数据使用什么标签', '单选题', '2', '11');
INSERT INTO `tb_exam` VALUES ('52', '关于**Mapper.xml文件中,namespace是哪个标签应配置的属性', '单选题', '2', '11');
INSERT INTO `tb_exam` VALUES ('53', '下列（ ）不属于 MyBatis全局配置文件中的标签', '单选题', '2', '11');
INSERT INTO `tb_exam` VALUES ('54', '在Mybatis中，SQL映射文件中配置insert语句时，在Mysql中插入语句所在的表的ID为自动增长列，下列关于insert标签的说法，正确的是（ ）', '单选题', '2', '11');
INSERT INTO `tb_exam` VALUES ('55', '在 MyBatis 中，操作数据库的核心类是', '单选题', '2', '11');
INSERT INTO `tb_exam` VALUES ('56', '在使用MyBatis的时候,除了可以使用@Param注解来实现多参数入参,还可以用（）传递多个参数值。', '单选题', '2', '11');
INSERT INTO `tb_exam` VALUES ('57', 'MyBatis操作数据库时的接口方法中，如果传入的参数名和动态sql中使用时不一致，则需要使用（ ）注解修饰。', '单选题', '2', '11');
INSERT INTO `tb_exam` VALUES ('58', 'Mybatis能执行一对一、一对多的关联查询吗？', '单选题', '2', '11');
INSERT INTO `tb_exam` VALUES ('59', '当实体类中的属性名和表中的字段名不一样 ，可以通过什么标签对应 ？', '单选题', '2', '11');
INSERT INTO `tb_exam` VALUES ('60', 'mybatis有几种动态sql标签', '单选题', '2', '11');
INSERT INTO `tb_exam` VALUES ('61', 'resultType跟resultMap能同时存在吗？', '单选题', '2', '11');
INSERT INTO `tb_exam` VALUES ('62', 'Mybatis如何执行批量操作，具体用到了那个标签', '单选题', '2', '11');
INSERT INTO `tb_exam` VALUES ('63', '对象关系映射英文名称是什么', '单选题', '2', '11');
INSERT INTO `tb_exam` VALUES ('64', 'MultiPartFile的作用是', '单选题', '2', '11');
INSERT INTO `tb_exam` VALUES ('65', 'Mybatis的Xml映射文件中，不同的Xml映射文件，id是否可以重复?选择说法正确的', '多选题', '2', '11');
INSERT INTO `tb_exam` VALUES ('66', ' Mybatis动态sql标签有哪些？', '多选题', '2', '11');
INSERT INTO `tb_exam` VALUES ('67', '对mybatis描述有误的是？', '多选题', '2', '11');
INSERT INTO `tb_exam` VALUES ('68', '#{}和${}的区别是什么？', '多选题', '2', '11');
INSERT INTO `tb_exam` VALUES ('69', 'Mybaits的优点：', '多选题', '2', '11');
INSERT INTO `tb_exam` VALUES ('70', '@RequestParam注解有哪些属性', '多选题', '2', '11');
INSERT INTO `tb_exam` VALUES ('71', '下面关于连接池的说法正确的是', '多选题', '2', '11');
INSERT INTO `tb_exam` VALUES ('72', 'Mybatis中实现查询的方法有', '多选题', '2', '11');
INSERT INTO `tb_exam` VALUES ('73', '下面关于动态sql的when标签的说法正确的是', '多选题', '2', '11');
INSERT INTO `tb_exam` VALUES ('74', '关于使用<package>标签给类起别名的说法正确的是', '多选题', '2', '11');
INSERT INTO `tb_exam` VALUES ('75', 'Mybatis中给sql传参可以使用的数据类型有', '多选题', '2', '11');
INSERT INTO `tb_exam` VALUES ('76', '关于一对多关联关系说法正确的是', '多选题', '2', '11');
INSERT INTO `tb_exam` VALUES ('77', 'MyBatis框架适用场合：', '多选题', '2', '11');
INSERT INTO `tb_exam` VALUES ('78', '表的关联关系有哪些', '多选题', '2', '11');
INSERT INTO `tb_exam` VALUES ('79', '为什么说Mybatis是半自动ORM映射工具？它与全自动的区别在哪里？', '多选题', '2', '11');
INSERT INTO `tb_exam` VALUES ('80', '请简述一下springmvc运行原理？', '问答题', '4', '11');
INSERT INTO `tb_exam` VALUES ('81', '请简述一下你对Mybatis的理解？', '问答题', '4', '11');
INSERT INTO `tb_exam` VALUES ('82', '请说说sql语句的执行顺序？', '问答题', '4', '11');
INSERT INTO `tb_exam` VALUES ('83', '#{}和${}的区别是什么？', '判断题', '4', '11');
INSERT INTO `tb_exam` VALUES ('84', '请说一下Mybatis运行原理？', '问答题', '4', '11');
INSERT INTO `tb_exam` VALUES ('85', 'MyBatis编程步骤是什么样的？', '问答题', '4', '11');
INSERT INTO `tb_exam` VALUES ('86', 'foreach标签的属性主要有哪些，以及作用是什么（请说出至少三个）', '问答题', '4', '11');
INSERT INTO `tb_exam` VALUES ('87', '如何获取自动生成的(主)键值，具体的sql如何实现?', '问答题', '4', '11');
INSERT INTO `tb_exam` VALUES ('88', '模糊查询like语句该怎么写?(至少说出一种方式)', '问答题', '4', '11');
INSERT INTO `tb_exam` VALUES ('89', 'Xml映射文件中，除了常见的select|insert|updae|delete标签之外，还有哪些标签？(至少5个)', '填空题', '4', '11');
INSERT INTO `tb_exam` VALUES ('90', '给函数参数设置默认初始值的说法正确的是', '多选题', '5', '12');
INSERT INTO `tb_exam` VALUES ('91', '你好不好', '单选题', '4', '12');
INSERT INTO `tb_exam` VALUES ('92', '你好棒', '判断题', '4', '12');
INSERT INTO `tb_exam` VALUES ('93', '给函数参数设置默认初始值的说法正确的是', '多选题', '5', '13');
INSERT INTO `tb_exam` VALUES ('94', '你好不好', '单选题', '4', '13');
INSERT INTO `tb_exam` VALUES ('95', '你好棒', '判断题', '4', '13');

-- ----------------------------
-- Table structure for tb_examoption
-- ----------------------------
DROP TABLE IF EXISTS `tb_examoption`;
CREATE TABLE `tb_examoption` (
  `optionid` bigint(20) NOT NULL AUTO_INCREMENT,
  `oname` varchar(255) DEFAULT NULL,
  `istrue` int(11) DEFAULT NULL,
  `examid` bigint(20) DEFAULT NULL,
  PRIMARY KEY (`optionid`)
) ENGINE=InnoDB AUTO_INCREMENT=313 DEFAULT CHARSET=utf8;

-- ----------------------------
-- Records of tb_examoption
-- ----------------------------
INSERT INTO `tb_examoption` VALUES ('1', '1届', '0', '1');
INSERT INTO `tb_examoption` VALUES ('2', '2届', '1', '1');
INSERT INTO `tb_examoption` VALUES ('3', '3届', '0', '1');
INSERT INTO `tb_examoption` VALUES ('4', '4届', '0', '1');
INSERT INTO `tb_examoption` VALUES ('5', '不能', '1', '2');
INSERT INTO `tb_examoption` VALUES ('6', '能', '0', '2');
INSERT INTO `tb_examoption` VALUES ('7', '封装', '1', '3');
INSERT INTO `tb_examoption` VALUES ('8', '继承', '1', '3');
INSERT INTO `tb_examoption` VALUES ('9', '多态', '1', '3');
INSERT INTO `tb_examoption` VALUES ('10', '抽象', '0', '3');
INSERT INTO `tb_examoption` VALUES ('11', 'Bill Gates', '0', '4');
INSERT INTO `tb_examoption` VALUES ('12', 'Buffett', '0', '4');
INSERT INTO `tb_examoption` VALUES ('13', 'Jack Ma', '0', '4');
INSERT INTO `tb_examoption` VALUES ('14', 'James Gosling', '1', '4');
INSERT INTO `tb_examoption` VALUES ('15', '1995年', '1', '5');
INSERT INTO `tb_examoption` VALUES ('16', '1996年', '0', '5');
INSERT INTO `tb_examoption` VALUES ('17', '1994年', '0', '5');
INSERT INTO `tb_examoption` VALUES ('18', '1998年', '0', '5');
INSERT INTO `tb_examoption` VALUES ('19', 'Oracle', '1', '6');
INSERT INTO `tb_examoption` VALUES ('20', 'Apache', '0', '6');
INSERT INTO `tb_examoption` VALUES ('21', 'MacBook', '0', '6');
INSERT INTO `tb_examoption` VALUES ('22', 'Microsoft', '0', '6');
INSERT INTO `tb_examoption` VALUES ('23', 'JDK', '1', '7');
INSERT INTO `tb_examoption` VALUES ('24', 'JRE', '0', '7');
INSERT INTO `tb_examoption` VALUES ('25', 'JVM', '0', '7');
INSERT INTO `tb_examoption` VALUES ('26', 'JavaME', '0', '7');
INSERT INTO `tb_examoption` VALUES ('27', '1', '0', '8');
INSERT INTO `tb_examoption` VALUES ('28', '2', '0', '8');
INSERT INTO `tb_examoption` VALUES ('29', '4', '1', '8');
INSERT INTO `tb_examoption` VALUES ('30', '8', '0', '8');
INSERT INTO `tb_examoption` VALUES ('31', '8', '1', '9');
INSERT INTO `tb_examoption` VALUES ('32', '4', '0', '9');
INSERT INTO `tb_examoption` VALUES ('33', '16', '0', '9');
INSERT INTO `tb_examoption` VALUES ('34', '2', '0', '9');
INSERT INTO `tb_examoption` VALUES ('35', '0', '1', '10');
INSERT INTO `tb_examoption` VALUES ('36', '1', '0', '10');
INSERT INTO `tb_examoption` VALUES ('37', '2', '0', '10');
INSERT INTO `tb_examoption` VALUES ('38', '-1', '0', '10');
INSERT INTO `tb_examoption` VALUES ('39', '1', '1', '11');
INSERT INTO `tb_examoption` VALUES ('40', '2', '0', '11');
INSERT INTO `tb_examoption` VALUES ('41', '4', '0', '11');
INSERT INTO `tb_examoption` VALUES ('42', '8', '0', '11');
INSERT INTO `tb_examoption` VALUES ('43', '2', '1', '12');
INSERT INTO `tb_examoption` VALUES ('44', '1', '0', '12');
INSERT INTO `tb_examoption` VALUES ('45', '3', '0', '12');
INSERT INTO `tb_examoption` VALUES ('46', '4', '0', '12');
INSERT INTO `tb_examoption` VALUES ('47', '2', '1', '13');
INSERT INTO `tb_examoption` VALUES ('48', '1', '0', '13');
INSERT INTO `tb_examoption` VALUES ('49', '3', '0', '13');
INSERT INTO `tb_examoption` VALUES ('50', '4', '0', '13');
INSERT INTO `tb_examoption` VALUES ('51', '1', '0', '14');
INSERT INTO `tb_examoption` VALUES ('52', '2', '0', '14');
INSERT INTO `tb_examoption` VALUES ('53', '4', '0', '14');
INSERT INTO `tb_examoption` VALUES ('54', '8', '1', '14');
INSERT INTO `tb_examoption` VALUES ('55', '2', '0', '15');
INSERT INTO `tb_examoption` VALUES ('56', '4', '1', '15');
INSERT INTO `tb_examoption` VALUES ('57', '8', '0', '15');
INSERT INTO `tb_examoption` VALUES ('58', '16', '0', '15');
INSERT INTO `tb_examoption` VALUES ('59', '8', '1', '16');
INSERT INTO `tb_examoption` VALUES ('60', '64', '0', '16');
INSERT INTO `tb_examoption` VALUES ('61', '16', '0', '16');
INSERT INTO `tb_examoption` VALUES ('62', '32', '0', '16');
INSERT INTO `tb_examoption` VALUES ('63', 'int', '0', '17');
INSERT INTO `tb_examoption` VALUES ('64', 'long', '0', '17');
INSERT INTO `tb_examoption` VALUES ('65', 'float', '1', '17');
INSERT INTO `tb_examoption` VALUES ('66', 'short', '0', '17');
INSERT INTO `tb_examoption` VALUES ('67', '2^31-1', '1', '18');
INSERT INTO `tb_examoption` VALUES ('68', '2^31', '0', '18');
INSERT INTO `tb_examoption` VALUES ('69', '2^32', '0', '18');
INSERT INTO `tb_examoption` VALUES ('70', '2^32-1', '0', '18');
INSERT INTO `tb_examoption` VALUES ('71', '-2^31', '1', '19');
INSERT INTO `tb_examoption` VALUES ('72', '-2^31-1', '0', '19');
INSERT INTO `tb_examoption` VALUES ('73', '-2^32', '0', '19');
INSERT INTO `tb_examoption` VALUES ('74', '-2^32-1', '0', '19');
INSERT INTO `tb_examoption` VALUES ('75', 'System.out.println(\"aaa\"+\"bbb\"==aaabbb.intern());', '1', '20');
INSERT INTO `tb_examoption` VALUES ('76', 'System.out.println(aaa+bbb==aaabbb);', '0', '20');
INSERT INTO `tb_examoption` VALUES ('77', 'System.out.println(aaa+bbb==\"aaabbb\");', '0', '20');
INSERT INTO `tb_examoption` VALUES ('78', 'System.out.println(\"aaa\"+bbb==aaabbb);', '0', '20');
INSERT INTO `tb_examoption` VALUES ('79', '两个都是true', '1', '21');
INSERT INTO `tb_examoption` VALUES ('80', '两个都是false', '0', '21');
INSERT INTO `tb_examoption` VALUES ('81', '前面是true，后面是false', '0', '21');
INSERT INTO `tb_examoption` VALUES ('82', '前面是false，后面是true', '0', '21');
INSERT INTO `tb_examoption` VALUES ('83', '5', '0', '22');
INSERT INTO `tb_examoption` VALUES ('84', '20', '0', '22');
INSERT INTO `tb_examoption` VALUES ('85', '10', '1', '22');
INSERT INTO `tb_examoption` VALUES ('86', '16', '0', '22');
INSERT INTO `tb_examoption` VALUES ('87', '当存储数量达到20的时候，会自动增加到30大小', '1', '23');
INSERT INTO `tb_examoption` VALUES ('88', '当存储数量达到15的时候，会自动增加到30大小', '0', '23');
INSERT INTO `tb_examoption` VALUES ('89', '当存储数量达到20的时候，会自动增加到40大小', '0', '23');
INSERT INTO `tb_examoption` VALUES ('90', '当存储数量达到15的时候，会自动增加到40大小', '0', '23');
INSERT INTO `tb_examoption` VALUES ('91', 'System.out.println(\"aaa\"+\"bbb\"==\"aaabbb\");', '1', '24');
INSERT INTO `tb_examoption` VALUES ('92', 'System.out.println(\"aaa\"+\"bbb\"==aaa+bbb);', '0', '24');
INSERT INTO `tb_examoption` VALUES ('93', 'System.out.println(\"aaa\"+\"bbb\"==aaabbb);', '1', '24');
INSERT INTO `tb_examoption` VALUES ('94', 'System.out.println(\"aaa\"+bbb==\"aaabbb\");', '0', '24');
INSERT INTO `tb_examoption` VALUES ('95', 'Stringbuffer为线程安全类', '1', '25');
INSERT INTO `tb_examoption` VALUES ('96', 'Stringbuffer但性能低', '1', '25');
INSERT INTO `tb_examoption` VALUES ('97', '操作数据量大的时候使用stringbuilder', '1', '25');
INSERT INTO `tb_examoption` VALUES ('98', 'stringbuilder为线程安全类，性能高', '0', '25');
INSERT INTO `tb_examoption` VALUES ('99', 'arrayList是使用数组下标存储元素，linkedList使用链表存储数据。', '1', '26');
INSERT INTO `tb_examoption` VALUES ('100', 'arrayList插入删除修改数据效率低，LinkedList插入删除修改数据效率高', '1', '26');
INSERT INTO `tb_examoption` VALUES ('101', 'ArrayList查询时按下标查询，不用遍历，效率高', '1', '26');
INSERT INTO `tb_examoption` VALUES ('102', 'LinkedList查询时候需要遍历，效率低', '1', '26');
INSERT INTO `tb_examoption` VALUES ('103', 'list是有序且可以重复的', '1', '27');
INSERT INTO `tb_examoption` VALUES ('104', 'Set是不一定有序且不能重复的', '1', '27');
INSERT INTO `tb_examoption` VALUES ('105', 'list遍历效率低', '0', '27');
INSERT INTO `tb_examoption` VALUES ('106', 'Set遍历效率高', '0', '27');
INSERT INTO `tb_examoption` VALUES ('107', '是键值对的存储的', '1', '28');
INSERT INTO `tb_examoption` VALUES ('108', '底层实际是由数组和链表来组成的', '1', '28');
INSERT INTO `tb_examoption` VALUES ('109', '使用put方法时，会查询map中是否有相同的对象，通过key.hashcode对数组长度取余，存在则把链表拿出来，判断链表中是否存在键值和新键值相等的对象，有，就把新value覆盖旧value，没有就通过add添加到链表的后面', '1', '28');
INSERT INTO `tb_examoption` VALUES ('110', '使用put方法时，通过add添加到链表的后面', '0', '28');
INSERT INTO `tb_examoption` VALUES ('111', 'JavaSE', '1', '29');
INSERT INTO `tb_examoption` VALUES ('112', 'JavaME', '1', '29');
INSERT INTO `tb_examoption` VALUES ('113', 'JavaEE', '1', '29');
INSERT INTO `tb_examoption` VALUES ('114', 'JavaHE', '0', '29');
INSERT INTO `tb_examoption` VALUES ('115', 'JRE', '1', '30');
INSERT INTO `tb_examoption` VALUES ('116', 'JVM', '1', '30');
INSERT INTO `tb_examoption` VALUES ('117', 'EJB', '0', '30');
INSERT INTO `tb_examoption` VALUES ('118', 'JSP', '0', '30');
INSERT INTO `tb_examoption` VALUES ('119', 'Java规范中没有明确定义boolean类型的大小', '1', '31');
INSERT INTO `tb_examoption` VALUES ('120', '单个的boolean 类型变量在编译的时候是使用的int 类型，所以占用4个字节', '1', '31');
INSERT INTO `tb_examoption` VALUES ('121', 'boolean类型默认是占用两个字节', '0', '31');
INSERT INTO `tb_examoption` VALUES ('122', '在boolean类型的数组，在编译的时候是按照byte array来编译的，数组里面每个单元占用1个字节', '1', '31');
INSERT INTO `tb_examoption` VALUES ('123', '正确', '1', '32');
INSERT INTO `tb_examoption` VALUES ('124', '错误', '0', '32');
INSERT INTO `tb_examoption` VALUES ('125', '正确', '0', '33');
INSERT INTO `tb_examoption` VALUES ('126', '错误', '1', '33');
INSERT INTO `tb_examoption` VALUES ('127', '2014', '0', '34');
INSERT INTO `tb_examoption` VALUES ('128', '2015', '1', '34');
INSERT INTO `tb_examoption` VALUES ('129', '2016', '0', '34');
INSERT INTO `tb_examoption` VALUES ('130', '2017', '0', '34');
INSERT INTO `tb_examoption` VALUES ('131', '在声明函数的时候设置初始值', '1', '35');
INSERT INTO `tb_examoption` VALUES ('132', '使用(参数=初始值)的的方式来设置', '1', '35');
INSERT INTO `tb_examoption` VALUES ('133', '在调用改函数的时候设置初始值', '0', '35');
INSERT INTO `tb_examoption` VALUES ('134', '使用(参数==初始值)的的方式来设置', '0', '35');
INSERT INTO `tb_examoption` VALUES ('135', '2014', '0', '36');
INSERT INTO `tb_examoption` VALUES ('136', '2015', '1', '36');
INSERT INTO `tb_examoption` VALUES ('137', '2016', '0', '36');
INSERT INTO `tb_examoption` VALUES ('138', '2017', '0', '36');
INSERT INTO `tb_examoption` VALUES ('139', '在声明函数的时候设置初始值', '1', '37');
INSERT INTO `tb_examoption` VALUES ('140', '使用(参数=初始值)的的方式来设置', '1', '37');
INSERT INTO `tb_examoption` VALUES ('141', '在调用改函数的时候设置初始值', '0', '37');
INSERT INTO `tb_examoption` VALUES ('142', '使用(参数==初始值)的的方式来设置', '0', '37');
INSERT INTO `tb_examoption` VALUES ('143', '2014', '0', '40');
INSERT INTO `tb_examoption` VALUES ('144', '2015', '1', '40');
INSERT INTO `tb_examoption` VALUES ('145', '2016', '0', '40');
INSERT INTO `tb_examoption` VALUES ('146', '2017', '0', '40');
INSERT INTO `tb_examoption` VALUES ('147', '在声明函数的时候设置初始值', '1', '41');
INSERT INTO `tb_examoption` VALUES ('148', '使用(参数=初始值)的的方式来设置', '1', '41');
INSERT INTO `tb_examoption` VALUES ('149', '在调用改函数的时候设置初始值', '0', '41');
INSERT INTO `tb_examoption` VALUES ('150', '使用(参数==初始值)的的方式来设置', '0', '41');
INSERT INTO `tb_examoption` VALUES ('151', '在声明函数的时候设置初始值', '1', '44');
INSERT INTO `tb_examoption` VALUES ('152', '使用(参数=初始值)的的方式来设置', '1', '44');
INSERT INTO `tb_examoption` VALUES ('153', '在调用改函数的时候设置初始值', '1', '44');
INSERT INTO `tb_examoption` VALUES ('154', '使用(参数==初始值)的的方式来设置', '1', '44');
INSERT INTO `tb_examoption` VALUES ('155', 'HAO', '1', '45');
INSERT INTO `tb_examoption` VALUES ('156', 'BUHA', '0', '45');
INSERT INTO `tb_examoption` VALUES ('157', 'HI', '0', '45');
INSERT INTO `tb_examoption` VALUES ('158', 'HID', '0', '45');
INSERT INTO `tb_examoption` VALUES ('159', '正确', '1', '46');
INSERT INTO `tb_examoption` VALUES ('160', '错误', '0', '46');
INSERT INTO `tb_examoption` VALUES ('161', '在声明函数的时候设置初始值', '1', '47');
INSERT INTO `tb_examoption` VALUES ('162', '使用(参数=初始值)的的方式来设置', '1', '47');
INSERT INTO `tb_examoption` VALUES ('163', '在调用改函数的时候设置初始值', '1', '47');
INSERT INTO `tb_examoption` VALUES ('164', '使用(参数==初始值)的的方式来设置', '1', '47');
INSERT INTO `tb_examoption` VALUES ('165', 'HAO', '1', '48');
INSERT INTO `tb_examoption` VALUES ('166', 'BUHA', '0', '48');
INSERT INTO `tb_examoption` VALUES ('167', 'HI', '0', '48');
INSERT INTO `tb_examoption` VALUES ('168', 'HID', '0', '48');
INSERT INTO `tb_examoption` VALUES ('169', '正确', '1', '49');
INSERT INTO `tb_examoption` VALUES ('170', '错误', '0', '49');
INSERT INTO `tb_examoption` VALUES ('171', '$(formId).serialize()', '1', '50');
INSERT INTO `tb_examoption` VALUES ('172', '$(id).append()', '0', '50');
INSERT INTO `tb_examoption` VALUES ('173', '$(id).lastAppend()', '0', '50');
INSERT INTO `tb_examoption` VALUES ('174', '$(id).serializable()', '0', '50');
INSERT INTO `tb_examoption` VALUES ('175', 'nature', '0', '51');
INSERT INTO `tb_examoption` VALUES ('176', 'properties', '1', '51');
INSERT INTO `tb_examoption` VALUES ('177', 'quality', '0', '51');
INSERT INTO `tb_examoption` VALUES ('178', 'attribute', '0', '51');
INSERT INTO `tb_examoption` VALUES ('179', 'cache-ref', '0', '52');
INSERT INTO `tb_examoption` VALUES ('180', 'sql', '0', '52');
INSERT INTO `tb_examoption` VALUES ('181', 'mapper', '1', '52');
INSERT INTO `tb_examoption` VALUES ('182', 'configuration', '0', '52');
INSERT INTO `tb_examoption` VALUES ('183', 'settings', '0', '53');
INSERT INTO `tb_examoption` VALUES ('184', 'select', '1', '53');
INSERT INTO `tb_examoption` VALUES ('185', 'plugins', '0', '53');
INSERT INTO `tb_examoption` VALUES ('186', 'properties', '0', '53');
INSERT INTO `tb_examoption` VALUES ('187', '必须要显示插入标识列中的值', '0', '54');
INSERT INTO `tb_examoption` VALUES ('188', '使用任何数据库都可以使用自动生成主键策略', '0', '54');
INSERT INTO `tb_examoption` VALUES ('189', 'useGeneratedKeys属性对update标签也有作用', '0', '54');
INSERT INTO `tb_examoption` VALUES ('190', '可以使用useGeneratedKeys属性允许标识列的自动增长用于生成主键', '1', '54');
INSERT INTO `tb_examoption` VALUES ('191', 'SqlSessionFactory', '0', '55');
INSERT INTO `tb_examoption` VALUES ('192', 'SqlSession', '1', '55');
INSERT INTO `tb_examoption` VALUES ('193', 'Session', '0', '55');
INSERT INTO `tb_examoption` VALUES ('194', 'SqlSessionFactoryBuilder', '0', '55');
INSERT INTO `tb_examoption` VALUES ('195', '用Map对象可以实现传递多参数值', '1', '56');
INSERT INTO `tb_examoption` VALUES ('196', '用List对象可以实现传递多参数值', '0', '56');
INSERT INTO `tb_examoption` VALUES ('197', '用数组的方式传递', '0', '56');
INSERT INTO `tb_examoption` VALUES ('198', '用Set集合的方式传递', '0', '56');
INSERT INTO `tb_examoption` VALUES ('199', '@RequestParam', '0', '57');
INSERT INTO `tb_examoption` VALUES ('200', '@Parameter', '0', '57');
INSERT INTO `tb_examoption` VALUES ('201', '@String', '0', '57');
INSERT INTO `tb_examoption` VALUES ('202', '@Param', '1', '57');
INSERT INTO `tb_examoption` VALUES ('203', '都能', '1', '58');
INSERT INTO `tb_examoption` VALUES ('204', '都不能', '0', '58');
INSERT INTO `tb_examoption` VALUES ('205', '只可以实现一对一', '0', '58');
INSERT INTO `tb_examoption` VALUES ('206', '只可以实现一对多', '0', '58');
INSERT INTO `tb_examoption` VALUES ('207', '<resultMap>', '1', '59');
INSERT INTO `tb_examoption` VALUES ('208', '<select>', '0', '59');
INSERT INTO `tb_examoption` VALUES ('209', '<sql>', '0', '59');
INSERT INTO `tb_examoption` VALUES ('210', '<set>', '0', '59');
INSERT INTO `tb_examoption` VALUES ('211', '7种', '0', '60');
INSERT INTO `tb_examoption` VALUES ('212', '8种', '0', '60');
INSERT INTO `tb_examoption` VALUES ('213', '9种', '1', '60');
INSERT INTO `tb_examoption` VALUES ('214', '10种', '0', '60');
INSERT INTO `tb_examoption` VALUES ('215', '不能', '1', '61');
INSERT INTO `tb_examoption` VALUES ('216', '能', '0', '61');
INSERT INTO `tb_examoption` VALUES ('217', 'select标签中可以', '0', '61');
INSERT INTO `tb_examoption` VALUES ('218', '以上都不对', '0', '61');
INSERT INTO `tb_examoption` VALUES ('219', 'foreach', '1', '62');
INSERT INTO `tb_examoption` VALUES ('220', 'if', '0', '62');
INSERT INTO `tb_examoption` VALUES ('221', 'choose', '0', '62');
INSERT INTO `tb_examoption` VALUES ('222', 'when', '0', '62');
INSERT INTO `tb_examoption` VALUES ('223', 'ORM', '1', '63');
INSERT INTO `tb_examoption` VALUES ('224', 'OOM', '0', '63');
INSERT INTO `tb_examoption` VALUES ('225', 'OOP', '0', '63');
INSERT INTO `tb_examoption` VALUES ('226', 'AOP', '0', '63');
INSERT INTO `tb_examoption` VALUES ('227', '接收上传的文件的接口', '1', '64');
INSERT INTO `tb_examoption` VALUES ('228', '创建文件的接口', '0', '64');
INSERT INTO `tb_examoption` VALUES ('229', '接收上传的文件的类', '0', '64');
INSERT INTO `tb_examoption` VALUES ('230', '创建文件的类', '0', '64');
INSERT INTO `tb_examoption` VALUES ('231', '不同的Xml映射文件，如果配置了namespace，那么id可以重复', '1', '65');
INSERT INTO `tb_examoption` VALUES ('232', '如果没有配置namespace，那么id不能重复', '1', '65');
INSERT INTO `tb_examoption` VALUES ('233', '如果没有配置namespace，id能重复', '0', '65');
INSERT INTO `tb_examoption` VALUES ('234', '不同的Xml映射文件，如果配置了namespace，那么id不可以重复', '0', '65');
INSERT INTO `tb_examoption` VALUES ('235', 'trim', '1', '66');
INSERT INTO `tb_examoption` VALUES ('236', 'foreach', '1', '66');
INSERT INTO `tb_examoption` VALUES ('237', 'set', '1', '66');
INSERT INTO `tb_examoption` VALUES ('238', 'than', '0', '66');
INSERT INTO `tb_examoption` VALUES ('239', 'MyBatis 是一个可以自定义 SQL、存储过程和高级映射的持久层框架', '0', '67');
INSERT INTO `tb_examoption` VALUES ('240', 'MyBatis 的缓存分为一级缓存和二级缓存,一级缓存放在 session 里面', '0', '67');
INSERT INTO `tb_examoption` VALUES ('241', 'Mybatis是一个全ORM（对象关系映射）框架，它内部封装了JDBC', '1', '67');
INSERT INTO `tb_examoption` VALUES ('242', ' MyBatis 只可以使用 XML来配置和映射原生信息', '1', '67');
INSERT INTO `tb_examoption` VALUES ('243', '#{}是预编译处理', '1', '68');
INSERT INTO `tb_examoption` VALUES ('244', '${}是字符串替换', '1', '68');
INSERT INTO `tb_examoption` VALUES ('245', '${}是预编译处理', '0', '68');
INSERT INTO `tb_examoption` VALUES ('246', '#{}是字符串替换', '0', '68');
INSERT INTO `tb_examoption` VALUES ('247', '与JDBC相比，减少了50%以上的代码量，消除了JDBC大量冗余的代码，不需要手动开关连接；', '1', '69');
INSERT INTO `tb_examoption` VALUES ('248', '能够与Spring很好的集成；', '1', '69');
INSERT INTO `tb_examoption` VALUES ('249', '很好的与各种数据库兼容（因为MyBatis使用JDBC来连接数据库，所以只要JDBC支持的数据库MyBatis都支持）。', '1', '69');
INSERT INTO `tb_examoption` VALUES ('250', '以上都对', '1', '69');
INSERT INTO `tb_examoption` VALUES ('251', 'value', '1', '70');
INSERT INTO `tb_examoption` VALUES ('252', 'defaultValue', '1', '70');
INSERT INTO `tb_examoption` VALUES ('253', 'name', '0', '70');
INSERT INTO `tb_examoption` VALUES ('254', 'required', '1', '70');
INSERT INTO `tb_examoption` VALUES ('255', '用于管理连接对象', '1', '71');
INSERT INTO `tb_examoption` VALUES ('256', '访问数据库的时候直接从连接池获取一个连接，不用新创建连接', '1', '71');
INSERT INTO `tb_examoption` VALUES ('257', '可以预先创建一定数量的连接对象', '1', '71');
INSERT INTO `tb_examoption` VALUES ('258', '数据库访问完了，连接对象会归还给连接池', '1', '71');
INSERT INTO `tb_examoption` VALUES ('259', 'selectMap', '1', '72');
INSERT INTO `tb_examoption` VALUES ('260', 'selectOne', '1', '72');
INSERT INTO `tb_examoption` VALUES ('261', 'query', '0', '72');
INSERT INTO `tb_examoption` VALUES ('262', 'selectList', '1', '72');
INSERT INTO `tb_examoption` VALUES ('263', '当没有条件时不会拼接when', '1', '73');
INSERT INTO `tb_examoption` VALUES ('264', '动态sql中没有该标签', '0', '73');
INSERT INTO `tb_examoption` VALUES ('265', '用于生成sql语句中的when', '1', '73');
INSERT INTO `tb_examoption` VALUES ('266', '拼接的第一个条件中的and或or会被移除', '1', '73');
INSERT INTO `tb_examoption` VALUES ('267', '该标签用于给包中的类批量起别名', '1', '74');
INSERT INTO `tb_examoption` VALUES ('268', '别名可以是类名的小写形式', '1', '74');
INSERT INTO `tb_examoption` VALUES ('269', '别名是类的名字', '1', '74');
INSERT INTO `tb_examoption` VALUES ('270', '不用自己指定别名', '1', '74');
INSERT INTO `tb_examoption` VALUES ('271', 'Java bean', '1', '75');
INSERT INTO `tb_examoption` VALUES ('272', 'Map集合', '1', '75');
INSERT INTO `tb_examoption` VALUES ('273', 'String', '1', '75');
INSERT INTO `tb_examoption` VALUES ('274', 'Java基本数据类型', '1', '75');
INSERT INTO `tb_examoption` VALUES ('275', '一对多的实体类的定义是在一的实体类中定义多的实体类的集合', '1', '76');
INSERT INTO `tb_examoption` VALUES ('276', '一对多的表的关联关系的构建是在一的表中添加外键', '0', '76');
INSERT INTO `tb_examoption` VALUES ('277', 'A表中一条记录对应B表中多条记录，就是一对多', '1', '76');
INSERT INTO `tb_examoption` VALUES ('278', '一对多的表的关联关系的构建是在多的表中添加外键', '1', '76');
INSERT INTO `tb_examoption` VALUES ('279', 'MyBatis专注于SQL本身，是一个足够灵活的DAO层解决方案。', '1', '77');
INSERT INTO `tb_examoption` VALUES ('280', '对性能的要求很高，或者需求变化较多的项目，如互联网项目，MyBatis将是不错的选择。', '1', '77');
INSERT INTO `tb_examoption` VALUES ('281', 'Mybatis不使用于互联网项目', '0', '77');
INSERT INTO `tb_examoption` VALUES ('282', '以上都不对', '0', '77');
INSERT INTO `tb_examoption` VALUES ('283', '多对多', '1', '78');
INSERT INTO `tb_examoption` VALUES ('284', '多对一', '1', '78');
INSERT INTO `tb_examoption` VALUES ('285', '一对多', '1', '78');
INSERT INTO `tb_examoption` VALUES ('286', '一对一', '1', '78');
INSERT INTO `tb_examoption` VALUES ('287', 'Hibernate属于全自动ORM映射工具，', '1', '79');
INSERT INTO `tb_examoption` VALUES ('288', '使用Hibernate查询关联对象或者关联集合对象时，可以根据对象关系模型直接获取，所以它是全自动的。', '1', '79');
INSERT INTO `tb_examoption` VALUES ('289', 'Mybatis在查询关联对象或关联集合对象时，需要手动编写sql来完成', '1', '79');
INSERT INTO `tb_examoption` VALUES ('290', 'Mybatis其实就是全自动框架', '0', '79');
INSERT INTO `tb_examoption` VALUES ('291', '正确', '1', '83');
INSERT INTO `tb_examoption` VALUES ('292', '错误', '0', '83');
INSERT INTO `tb_examoption` VALUES ('293', '在声明函数的时候设置初始值', '1', '90');
INSERT INTO `tb_examoption` VALUES ('294', '使用(参数=初始值)的的方式来设置', '1', '90');
INSERT INTO `tb_examoption` VALUES ('295', '在调用改函数的时候设置初始值', '1', '90');
INSERT INTO `tb_examoption` VALUES ('296', '使用(参数==初始值)的的方式来设置', '1', '90');
INSERT INTO `tb_examoption` VALUES ('297', 'HAO', '1', '91');
INSERT INTO `tb_examoption` VALUES ('298', 'BUHA', '0', '91');
INSERT INTO `tb_examoption` VALUES ('299', 'HI', '0', '91');
INSERT INTO `tb_examoption` VALUES ('300', 'HID', '0', '91');
INSERT INTO `tb_examoption` VALUES ('301', '正确', '1', '92');
INSERT INTO `tb_examoption` VALUES ('302', '错误', '0', '92');
INSERT INTO `tb_examoption` VALUES ('303', '在声明函数的时候设置初始值', '1', '93');
INSERT INTO `tb_examoption` VALUES ('304', '使用(参数=初始值)的的方式来设置', '1', '93');
INSERT INTO `tb_examoption` VALUES ('305', '在调用改函数的时候设置初始值', '1', '93');
INSERT INTO `tb_examoption` VALUES ('306', '使用(参数==初始值)的的方式来设置', '1', '93');
INSERT INTO `tb_examoption` VALUES ('307', 'HAO', '1', '94');
INSERT INTO `tb_examoption` VALUES ('308', 'BUHA', '0', '94');
INSERT INTO `tb_examoption` VALUES ('309', 'HI', '0', '94');
INSERT INTO `tb_examoption` VALUES ('310', 'HID', '0', '94');
INSERT INTO `tb_examoption` VALUES ('311', '正确', '1', '95');
INSERT INTO `tb_examoption` VALUES ('312', '错误', '0', '95');

-- ----------------------------
-- Table structure for tb_grade
-- ----------------------------
DROP TABLE IF EXISTS `tb_grade`;
CREATE TABLE `tb_grade` (
  `gid` bigint(20) NOT NULL AUTO_INCREMENT,
  `gname` varchar(255) DEFAULT NULL,
  PRIMARY KEY (`gid`)
) ENGINE=InnoDB AUTO_INCREMENT=6 DEFAULT CHARSET=utf8;

-- ----------------------------
-- Records of tb_grade
-- ----------------------------
INSERT INTO `tb_grade` VALUES ('1', '2001JavaA');
INSERT INTO `tb_grade` VALUES ('2', '2001PhpA');
INSERT INTO `tb_grade` VALUES ('3', '1911JavaA');
INSERT INTO `tb_grade` VALUES ('4', '1908JavaA');
INSERT INTO `tb_grade` VALUES ('5', '2006JavaA');

-- ----------------------------
-- Table structure for tb_menu
-- ----------------------------
DROP TABLE IF EXISTS `tb_menu`;
CREATE TABLE `tb_menu` (
  `mid` bigint(20) NOT NULL AUTO_INCREMENT,
  `mname` varchar(255) DEFAULT NULL,
  `url` varchar(255) DEFAULT NULL,
  `target` varchar(255) DEFAULT NULL,
  `icon` varchar(255) DEFAULT NULL,
  `pid` bigint(20) DEFAULT NULL,
  PRIMARY KEY (`mid`)
) ENGINE=InnoDB AUTO_INCREMENT=11 DEFAULT CHARSET=utf8;

-- ----------------------------
-- Records of tb_menu
-- ----------------------------
INSERT INTO `tb_menu` VALUES ('1', '学成在线教育管理系统', null, 'rightFrame', null, '0');
INSERT INTO `tb_menu` VALUES ('2', '教务管理', null, 'rightFrame', null, '1');
INSERT INTO `tb_menu` VALUES ('3', '考试系统', null, 'rightFrame', '/csstree/img/diy/5.png', '1');
INSERT INTO `tb_menu` VALUES ('4', '独立考试', '/teacher/getDuliTestList.do', 'rightFrame', null, '3');
INSERT INTO `tb_menu` VALUES ('5', '题库管理', null, 'rightFrame', null, '3');
INSERT INTO `tb_menu` VALUES ('6', '阅卷管理', '/skip/goReadManager.do', 'rightFrame', null, '3');
INSERT INTO `tb_menu` VALUES ('7', '我的考试', 'test_my.html', 'rightFrame', null, '3');
INSERT INTO `tb_menu` VALUES ('8', '历史试卷', 'test_history.html', 'rightFrame', null, '3');
INSERT INTO `tb_menu` VALUES ('9', '总分积分管理系统', null, 'rightFrame', null, '1');
INSERT INTO `tb_menu` VALUES ('10', '考勤系统', null, 'rightFrame', null, '1');

-- ----------------------------
-- Table structure for tb_role
-- ----------------------------
DROP TABLE IF EXISTS `tb_role`;
CREATE TABLE `tb_role` (
  `rid` bigint(20) NOT NULL AUTO_INCREMENT,
  `rname` varchar(255) DEFAULT NULL,
  PRIMARY KEY (`rid`)
) ENGINE=InnoDB AUTO_INCREMENT=8 DEFAULT CHARSET=utf8;

-- ----------------------------
-- Records of tb_role
-- ----------------------------
INSERT INTO `tb_role` VALUES ('1', '学生');
INSERT INTO `tb_role` VALUES ('2', '讲师');
INSERT INTO `tb_role` VALUES ('3', '主任');
INSERT INTO `tb_role` VALUES ('4', '院长');
INSERT INTO `tb_role` VALUES ('5', '教务干事');
INSERT INTO `tb_role` VALUES ('6', '副院长');
INSERT INTO `tb_role` VALUES ('7', '财务');

-- ----------------------------
-- Table structure for tb_role_menu
-- ----------------------------
DROP TABLE IF EXISTS `tb_role_menu`;
CREATE TABLE `tb_role_menu` (
  `rid` bigint(20) NOT NULL,
  `mid` bigint(20) NOT NULL,
  PRIMARY KEY (`rid`,`mid`)
) ENGINE=InnoDB DEFAULT CHARSET=utf8;

-- ----------------------------
-- Records of tb_role_menu
-- ----------------------------
INSERT INTO `tb_role_menu` VALUES ('1', '1');
INSERT INTO `tb_role_menu` VALUES ('1', '3');
INSERT INTO `tb_role_menu` VALUES ('1', '7');
INSERT INTO `tb_role_menu` VALUES ('1', '8');
INSERT INTO `tb_role_menu` VALUES ('2', '1');
INSERT INTO `tb_role_menu` VALUES ('2', '3');
INSERT INTO `tb_role_menu` VALUES ('2', '4');
INSERT INTO `tb_role_menu` VALUES ('2', '6');

-- ----------------------------
-- Table structure for tb_student
-- ----------------------------
DROP TABLE IF EXISTS `tb_student`;
CREATE TABLE `tb_student` (
  `sid` bigint(20) NOT NULL AUTO_INCREMENT,
  `sname` varchar(255) DEFAULT NULL,
  `saccount` varchar(255) DEFAULT NULL,
  `spwd` varchar(255) DEFAULT NULL,
  `idcard` varchar(18) DEFAULT NULL,
  `age` int(11) DEFAULT NULL,
  `birthday` date DEFAULT NULL,
  `address` varchar(255) DEFAULT NULL,
  `rid` bigint(20) DEFAULT NULL,
  `seamil` varchar(255) DEFAULT NULL,
  `scode` varchar(255) DEFAULT NULL,
  PRIMARY KEY (`sid`)
) ENGINE=InnoDB AUTO_INCREMENT=11 DEFAULT CHARSET=utf8;

-- ----------------------------
-- Records of tb_student
-- ----------------------------
INSERT INTO `tb_student` VALUES ('1', '赵一伤', 'zhaoyishang', '111', null, null, '2020-11-17', '内蒙古乌合浩特', '1', null, null);
INSERT INTO `tb_student` VALUES ('2', '田二败', 'tianerbai', '222', null, null, '2020-11-11', '河北省邯郸市邯郸县', '1', null, null);
INSERT INTO `tb_student` VALUES ('3', '张三丰', 'zhangsanfeng', '333', null, null, null, null, '1', null, null);
INSERT INTO `tb_student` VALUES ('4', '宋远桥', 'songyuanqiao', '444', null, null, null, null, '1', null, null);
INSERT INTO `tb_student` VALUES ('5', '俞莲舟', 'yulianzhou', '555', null, null, null, null, '1', null, null);
INSERT INTO `tb_student` VALUES ('6', '俞岱岩', 'yudaiyan', '666', null, null, null, null, '1', null, null);
INSERT INTO `tb_student` VALUES ('7', '张松溪', 'zhangsongxi', '777', null, null, null, null, '1', null, null);
INSERT INTO `tb_student` VALUES ('8', '张翠山', 'zhangcuishan', '888', null, null, null, null, '1', null, null);
INSERT INTO `tb_student` VALUES ('9', '尹丽萍', 'yiliping', '999', null, null, null, null, '1', null, null);
INSERT INTO `tb_student` VALUES ('10', '莫声谷', 'moshenggu', '000', null, null, null, null, '1', null, null);

-- ----------------------------
-- Table structure for tb_student_grade
-- ----------------------------
DROP TABLE IF EXISTS `tb_student_grade`;
CREATE TABLE `tb_student_grade` (
  `id` bigint(20) NOT NULL AUTO_INCREMENT,
  `sid` bigint(20) DEFAULT NULL,
  `gid` bigint(20) DEFAULT NULL,
  PRIMARY KEY (`id`)
) ENGINE=InnoDB AUTO_INCREMENT=11 DEFAULT CHARSET=utf8;

-- ----------------------------
-- Records of tb_student_grade
-- ----------------------------
INSERT INTO `tb_student_grade` VALUES ('1', '1', '1');
INSERT INTO `tb_student_grade` VALUES ('2', '2', '2');
INSERT INTO `tb_student_grade` VALUES ('3', '3', '1');
INSERT INTO `tb_student_grade` VALUES ('4', '4', '2');
INSERT INTO `tb_student_grade` VALUES ('5', '5', '2');
INSERT INTO `tb_student_grade` VALUES ('6', '6', '3');
INSERT INTO `tb_student_grade` VALUES ('7', '7', '5');
INSERT INTO `tb_student_grade` VALUES ('8', '8', '5');
INSERT INTO `tb_student_grade` VALUES ('9', '9', '5');
INSERT INTO `tb_student_grade` VALUES ('10', '10', '5');

-- ----------------------------
-- Table structure for tb_student_test
-- ----------------------------
DROP TABLE IF EXISTS `tb_student_test`;
CREATE TABLE `tb_student_test` (
  `id` bigint(20) NOT NULL AUTO_INCREMENT,
  `sid` bigint(20) DEFAULT NULL,
  `testid` bigint(20) DEFAULT NULL,
  `score` double DEFAULT NULL,
  `cscore` double DEFAULT NULL,
  `qscore` double DEFAULT NULL,
  `stesttime` bigint(20) DEFAULT NULL,
  `testendtime` datetime DEFAULT NULL,
  `crediskey` varchar(255) DEFAULT NULL,
  `qrediskey` varchar(255) DEFAULT NULL,
  PRIMARY KEY (`id`)
) ENGINE=InnoDB AUTO_INCREMENT=19 DEFAULT CHARSET=utf8;

-- ----------------------------
-- Records of tb_student_test
-- ----------------------------
INSERT INTO `tb_student_test` VALUES ('15', '1', '8', '7', '5', '2', '1', '2020-11-27 11:39:04', '20201127113904539', null);
INSERT INTO `tb_student_test` VALUES ('16', '1', '10', '8', '8', '0', '1', '2020-11-27 11:39:16', '20201127113916007', null);
INSERT INTO `tb_student_test` VALUES ('17', '1', '11', '9', '0', '9', '1', '2020-11-27 11:39:31', '20201127113931003', null);
INSERT INTO `tb_student_test` VALUES ('18', '1', '13', '0', '0', '0', '1', '2020-11-27 11:39:41', '20201127113941478', null);

-- ----------------------------
-- Table structure for tb_teacher
-- ----------------------------
DROP TABLE IF EXISTS `tb_teacher`;
CREATE TABLE `tb_teacher` (
  `tid` bigint(20) NOT NULL AUTO_INCREMENT,
  `tname` varchar(255) DEFAULT NULL,
  `taccount` varchar(255) DEFAULT NULL,
  `telphone` varchar(255) DEFAULT NULL,
  `email` varchar(255) DEFAULT NULL,
  `pwd` varchar(255) DEFAULT NULL,
  `rid` bigint(20) DEFAULT NULL,
  PRIMARY KEY (`tid`)
) ENGINE=InnoDB AUTO_INCREMENT=14 DEFAULT CHARSET=utf8;

-- ----------------------------
-- Records of tb_teacher
-- ----------------------------
INSERT INTO `tb_teacher` VALUES ('1', '李增强', '1', '18888832945', '362608691@qq.com', '1', '2');
INSERT INTO `tb_teacher` VALUES ('2', '毛飞川', '2', '13588888888', '123@qq.com', '2', '2');
INSERT INTO `tb_teacher` VALUES ('3', '马高辉', null, null, null, null, '2');
INSERT INTO `tb_teacher` VALUES ('4', '李彬', null, null, null, null, '2');
INSERT INTO `tb_teacher` VALUES ('5', '李晓龙', null, null, null, null, '2');
INSERT INTO `tb_teacher` VALUES ('6', '王惠仟', null, null, null, null, '2');
INSERT INTO `tb_teacher` VALUES ('7', '焦学理', null, null, null, null, '2');
INSERT INTO `tb_teacher` VALUES ('8', '耿红娟', null, null, null, null, '2');
INSERT INTO `tb_teacher` VALUES ('9', '李明', null, null, null, null, '2');
INSERT INTO `tb_teacher` VALUES ('10', '卓鹏鹏', null, null, null, null, '2');
INSERT INTO `tb_teacher` VALUES ('11', '许香巧', null, null, null, null, '2');
INSERT INTO `tb_teacher` VALUES ('12', '李伟', null, null, null, null, '2');
INSERT INTO `tb_teacher` VALUES ('13', '张挺', null, null, null, null, '2');

-- ----------------------------
-- Table structure for tb_teacher_grade
-- ----------------------------
DROP TABLE IF EXISTS `tb_teacher_grade`;
CREATE TABLE `tb_teacher_grade` (
  `id` bigint(20) NOT NULL AUTO_INCREMENT,
  `tid` bigint(20) DEFAULT NULL,
  `gid` bigint(20) DEFAULT NULL,
  PRIMARY KEY (`id`)
) ENGINE=InnoDB AUTO_INCREMENT=7 DEFAULT CHARSET=utf8;

-- ----------------------------
-- Records of tb_teacher_grade
-- ----------------------------
INSERT INTO `tb_teacher_grade` VALUES ('1', '1', '1');
INSERT INTO `tb_teacher_grade` VALUES ('2', '1', '2');
INSERT INTO `tb_teacher_grade` VALUES ('3', '1', '3');
INSERT INTO `tb_teacher_grade` VALUES ('4', '1', '4');
INSERT INTO `tb_teacher_grade` VALUES ('5', '1', '5');
INSERT INTO `tb_teacher_grade` VALUES ('6', '2', '2');

-- ----------------------------
-- Table structure for tb_test
-- ----------------------------
DROP TABLE IF EXISTS `tb_test`;
CREATE TABLE `tb_test` (
  `testid` bigint(20) NOT NULL AUTO_INCREMENT,
  `testname` varchar(255) DEFAULT NULL,
  `totalscore` double DEFAULT NULL,
  `passscore` double DEFAULT NULL,
  `testtime` int(11) DEFAULT NULL,
  `starttime` datetime DEFAULT NULL,
  `endtime` datetime DEFAULT NULL,
  `updatetime` datetime DEFAULT NULL,
  `testauthor` varchar(255) DEFAULT NULL,
  `authorid` bigint(20) DEFAULT NULL,
  PRIMARY KEY (`testid`),
  UNIQUE KEY `testname_uq` (`testname`)
) ENGINE=InnoDB AUTO_INCREMENT=14 DEFAULT CHARSET=utf8;

-- ----------------------------
-- Records of tb_test
-- ----------------------------
INSERT INTO `tb_test` VALUES ('1', '2001JavaA日考1105', '100', '60', '30', '2020-11-15 13:30:00', '2020-11-26 14:00:00', '2020-11-05 10:24:51', '李增强', '1');
INSERT INTO `tb_test` VALUES ('5', '日考1118', '100', '60', '40', '2020-11-18 14:00:53', '2020-11-19 14:30:12', '2020-11-18 14:28:51', '李增强', '1');
INSERT INTO `tb_test` VALUES ('6', '日考11182', '10', '6', '10', '2020-11-19 14:31:58', '2020-11-21 14:32:02', '2020-11-18 14:31:45', '李增强', '1');
INSERT INTO `tb_test` VALUES ('7', '测试主观题', '25', '20', '15', '2020-11-18 09:08:04', '2020-11-27 09:08:09', '2020-11-19 09:07:44', '李增强', '1');
INSERT INTO `tb_test` VALUES ('8', '测试112001', '25', '20', '10', '2020-11-22 10:49:43', '2020-11-28 10:49:48', '2020-11-20 13:57:52', '李增强', '1');
INSERT INTO `tb_test` VALUES ('9', '1120ES6新特性测试题', '13', '11', '30', '2020-11-26 21:36:14', '2020-11-27 21:33:14', '2020-11-26 21:33:14', '毛飞川', '2');
INSERT INTO `tb_test` VALUES ('10', 'tes大幅度发', '13', '1', '30', '2020-11-25 22:04:23', '2020-11-27 22:06:23', '2020-11-26 22:02:23', '李增强', '1');
INSERT INTO `tb_test` VALUES ('11', '1120ES6新特性测试题34', '100', '70', '30', '2020-11-25 23:39:31', '2020-11-27 23:42:31', '2020-11-26 23:38:31', '李增强', '1');
INSERT INTO `tb_test` VALUES ('12', '1120ES6新特性测试题3', '13', '23', '30', '2020-11-27 00:19:32', '2020-11-27 00:19:32', '2020-11-27 00:18:32', '李增强', '1');
INSERT INTO `tb_test` VALUES ('13', '发的', '13', '13', '30', '2020-11-27 00:30:17', '2020-11-28 00:28:17', '2020-11-27 00:26:17', '李增强', '1');

-- ----------------------------
-- Table structure for tb_test_grade
-- ----------------------------
DROP TABLE IF EXISTS `tb_test_grade`;
CREATE TABLE `tb_test_grade` (
  `id` bigint(20) NOT NULL AUTO_INCREMENT,
  `gid` bigint(20) DEFAULT NULL,
  `testid` bigint(20) DEFAULT NULL,
  `tid` bigint(20) DEFAULT NULL,
  PRIMARY KEY (`id`)
) ENGINE=InnoDB AUTO_INCREMENT=45 DEFAULT CHARSET=utf8;

-- ----------------------------
-- Records of tb_test_grade
-- ----------------------------
INSERT INTO `tb_test_grade` VALUES ('1', '1', '1', null);
INSERT INTO `tb_test_grade` VALUES ('2', '2', '1', null);
INSERT INTO `tb_test_grade` VALUES ('3', '3', '1', null);
INSERT INTO `tb_test_grade` VALUES ('4', '4', '2', null);
INSERT INTO `tb_test_grade` VALUES ('5', '5', '3', null);
INSERT INTO `tb_test_grade` VALUES ('6', '2', '4', null);
INSERT INTO `tb_test_grade` VALUES ('7', '2', '2', null);
INSERT INTO `tb_test_grade` VALUES ('8', '1', '5', null);
INSERT INTO `tb_test_grade` VALUES ('9', '2', '5', null);
INSERT INTO `tb_test_grade` VALUES ('10', '3', '5', null);
INSERT INTO `tb_test_grade` VALUES ('11', '4', '5', null);
INSERT INTO `tb_test_grade` VALUES ('12', '5', '5', null);
INSERT INTO `tb_test_grade` VALUES ('13', '1', '6', '1');
INSERT INTO `tb_test_grade` VALUES ('14', '2', '6', '1');
INSERT INTO `tb_test_grade` VALUES ('15', '3', '6', '1');
INSERT INTO `tb_test_grade` VALUES ('16', '4', '6', '1');
INSERT INTO `tb_test_grade` VALUES ('17', '5', '6', '1');
INSERT INTO `tb_test_grade` VALUES ('18', '1', '7', '1');
INSERT INTO `tb_test_grade` VALUES ('19', '2', '7', '1');
INSERT INTO `tb_test_grade` VALUES ('20', '3', '7', '1');
INSERT INTO `tb_test_grade` VALUES ('21', '4', '7', '1');
INSERT INTO `tb_test_grade` VALUES ('22', '5', '7', '1');
INSERT INTO `tb_test_grade` VALUES ('23', '1', '8', '1');
INSERT INTO `tb_test_grade` VALUES ('24', '2', '8', '1');
INSERT INTO `tb_test_grade` VALUES ('25', '3', '8', '6');
INSERT INTO `tb_test_grade` VALUES ('26', '4', '8', '6');
INSERT INTO `tb_test_grade` VALUES ('27', '5', '8', '6');
INSERT INTO `tb_test_grade` VALUES ('28', '2', '9', '2');
INSERT INTO `tb_test_grade` VALUES ('29', '4', '10', '1');
INSERT INTO `tb_test_grade` VALUES ('30', '3', '10', '1');
INSERT INTO `tb_test_grade` VALUES ('31', '1', '10', '1');
INSERT INTO `tb_test_grade` VALUES ('32', '2', '10', '1');
INSERT INTO `tb_test_grade` VALUES ('33', '5', '10', '1');
INSERT INTO `tb_test_grade` VALUES ('34', '4', '11', '1');
INSERT INTO `tb_test_grade` VALUES ('35', '3', '11', '1');
INSERT INTO `tb_test_grade` VALUES ('36', '1', '11', '1');
INSERT INTO `tb_test_grade` VALUES ('37', '2', '11', '1');
INSERT INTO `tb_test_grade` VALUES ('38', '5', '11', '1');
INSERT INTO `tb_test_grade` VALUES ('39', '1', '12', '1');
INSERT INTO `tb_test_grade` VALUES ('40', '2', '12', '1');
INSERT INTO `tb_test_grade` VALUES ('41', '5', '12', '1');
INSERT INTO `tb_test_grade` VALUES ('42', '1', '13', '5');
INSERT INTO `tb_test_grade` VALUES ('43', '2', '13', '7');
INSERT INTO `tb_test_grade` VALUES ('44', '5', '13', '8');

-- ----------------------------
-- Table structure for tb_user
-- ----------------------------
DROP TABLE IF EXISTS `tb_user`;
CREATE TABLE `tb_user` (
  `id` bigint(20) NOT NULL AUTO_INCREMENT,
  `username` varchar(255) DEFAULT NULL,
  `password` varchar(255) DEFAULT NULL,
  `age` int(11) DEFAULT NULL,
  PRIMARY KEY (`id`)
) ENGINE=InnoDB AUTO_INCREMENT=9 DEFAULT CHARSET=utf8;

-- ----------------------------
-- Records of tb_user
-- ----------------------------
INSERT INTO `tb_user` VALUES ('1', '赵一伤', '111', '18');
INSERT INTO `tb_user` VALUES ('2', '田二败', '222', '19');
INSERT INTO `tb_user` VALUES ('3', '孙三毁', null, null);
INSERT INTO `tb_user` VALUES ('4', '李四摧', null, null);
INSERT INTO `tb_user` VALUES ('5', '吴五伦', null, null);
INSERT INTO `tb_user` VALUES ('6', '周六破', null, '26');
INSERT INTO `tb_user` VALUES ('7', '郑七灭', null, null);
INSERT INTO `tb_user` VALUES ('8', '王八衰', null, null);
